run_index,run_id,scheme,layout,schedule,length,mults,jobs,fixture_seed,fixture_fnv1a64,repetitions,verified_measured_output_coefficients,openfhe_version,compiler,hardware_threads,omp_num_threads,process_elapsed_seconds,plaintext_modulus,ring_dimension,parameter_multiplicative_depth,ctct_depth,ciphertext_q_bits,ciphertext_q_log2,ciphertext_q_towers,ciphertext_q_primes,key_switching_p_bits,key_switching_p_primes,key_switching_qp_bits,output_q_towers,key_switching_technique,secret_key_distribution,scaling_technique,encryption_technique,multiplication_technique,evaluation_points,integer_low_coefficient_bound,jobs_per_ciphertext_capacity,ciphertext_batches,input_ciphertexts,output_ciphertexts,ctct_calls_per_trial,rotation_calls,bootstrap_calls,security_requested,independent_security_certification,public_key_bytes,relinearization_key_bytes,input_bytes,output_bytes,peak_rss_bytes,setup_ms,precomputation_ms,encode_ms_median,encode_ms_min,encode_ms_max,encrypt_ms_median,encrypt_ms_min,encrypt_ms_max,eval_ms_median,eval_ms_min,eval_ms_max,decrypt_ms_median,decrypt_ms_min,decrypt_ms_max,decode_ms_median,decode_ms_min,decode_ms_max,end_to_end_ms_median,end_to_end_ms_min,end_to_end_ms_max,eval_jobs_per_second_median,eval_jobs_per_second_min,eval_jobs_per_second_max,end_to_end_jobs_per_second_median,end_to_end_jobs_per_second_min,end_to_end_jobs_per_second_max,case_path,case_sha256
1,leveled-main-v2,BFV,native,sequential,4,1,1,11,16710319043999869123,7,28,1.5.1,16.1.0,32,1,0.12898240000140504,2,8192,1,1,120,120.0,2,"[""1152921504606830593"",""1152921504606748673""]",0,[],120,2,BV,UNIFORM_TERNARY,NORESCALE,STANDARD,HPSPOVERQLEVELED,7,4,1,1,2,1,1,0,0,HEStd_128_classic,False,262967,525405,526022,263211,14897152,10.306,0.004,2.3935,2.3427,2.7395,5.2438,5.1164,5.8198,5.048,4.7841,5.3218,0.4473,0.402,0.683,0.0024,0.0023,0.0027,13.242299999999998,12.6849,14.114899999999999,198.09825673534073,187.90634747641778,209.02573106749443,75.51558264047787,70.8471190019058,78.83388911225157,Code/experiments/leveled_jet_comparison/results/leveled-main-v2/075-BFV-native-e4-d1-j1-sequential.json,ef0fc53f2c84b13c4e58d7f22ef183d0f0c4d798331c9ea4cf502eb47d40c7cd
1,leveled-main-v2,BFV,packed_terminal,sequential,4,1,1,11,16710319043999869123,7,28,1.5.1,16.1.0,32,1,0.11033660000066448,65537,8192,1,1,120,120.0,2,"[""1152921504606830593"",""1152921504606748673""]",0,[],120,2,BV,UNIFORM_TERNARY,NORESCALE,STANDARD,HPSPOVERQLEVELED,7,4,1170,1,2,1,1,0,0,HEStd_128_classic,False,262967,525405,526022,263211,14417920,10.0904,0.0067,0.5061,0.5012,0.5202,5.2509,5.1836,5.528,4.852,4.7571,4.9892,0.4023,0.398,0.424,0.0011,0.0008,0.0013,11.011999999999999,10.8876,11.3687,206.10057708161582,200.43293513990218,210.21210401294906,90.81002542680713,87.96080466544107,91.84760645137587,Code/experiments/leveled_jet_comparison/results/leveled-main-v2/074-BFV-packed_terminal-e4-d1-j1-sequential.json,dc069734f345a6c80de442e551e81c4a90b816025e0309621403907b16605d9a
1,leveled-main-v2,BGV,native,sequential,4,1,1,11,16710319043999869123,7,28,1.5.1,16.1.0,32,1,0.11300919999848702,2,8192,1,1,54,53.926331,3,"[""65537"",""2277377"",""114689""]",60,"[""1152921504606830593""]",114,2,HYBRID,UNIFORM_TERNARY,FLEXIBLEAUTOEXT,STANDARD,HPS,7,4,1,1,2,1,1,0,0,HEStd_128_classic,False,394145,1050293,788378,263163,15474688,11.873,0.0042,3.2276,3.1627,3.527,4.571,4.4245,4.6535,2.7662,2.6745,2.868,0.4899,0.4617,0.6419,0.0023,0.0021,0.0028,11.0183,10.892100000000001,11.408000000000001,361.5067601764153,348.6750348675035,373.9016638624042,90.7581024295944,87.65778401122019,91.80966021244754,Code/experiments/leveled_jet_comparison/results/leveled-main-v2/064-BGV-native-e4-d1-j1-sequential.json,9697a36bfbf642140c2a375a3d3cfd26320c7f4ebae72669ca96a6034b6db54d
1,leveled-main-v2,BGV,packed_terminal,sequential,4,1,1,11,16710319043999869123,7,28,1.5.1,16.1.0,32,1,0.09956210000018473,65537,8192,1,1,83,82.807556,3,"[""1073872897"",""68720050177"",""114689""]",120,"[""1152921497895862273"",""1152921422732787713""]",203,2,HYBRID,UNIFORM_TERNARY,FLEXIBLEAUTOEXT,STANDARD,HPS,7,4,1170,1,2,1,1,0,0,HEStd_128_classic,False,394153,1312641,788394,263179,16035840,14.8227,0.0086,0.6993,0.6871,0.7387,4.5204,4.4611,4.6899,3.1171,3.0506,3.3,0.5693,0.5503,0.6758,0.0011,0.0009,0.0013,8.970600000000001,8.7818,9.267199999999999,320.81101023387123,303.03030303030306,327.8043663541598,111.4752636389985,107.90745856353593,113.87187137033409,Code/experiments/leveled_jet_comparison/results/leveled-main-v2/012-BGV-packed_terminal-e4-d1-j1-sequential.json,728ba15ce969bca04861a2869f3b4724a68d091b745effac48e83fa963174865
1,leveled-main-v2,BFV,native,sequential,4,1,16,11,9959786547401337537,7,448,1.5.1,16.1.0,32,1,1.5635086000002048,2,8192,1,1,120,120.0,2,"[""1152921504606830593"",""1152921504606748673""]",0,[],120,2,BV,UNIFORM_TERNARY,NORESCALE,STANDARD,HPSPOVERQLEVELED,7,4,1,16,32,16,16,0,0,HEStd_128_classic,False,262967,525405,8416352,4211376,46268416,10.2817,0.0072,37.5288,37.001,44.3613,77.1695,77.0738,80.5682,67.2847,67.0034,67.5575,4.0151,3.9478,4.0817,0.0309,0.0291,0.0342,185.7464,185.1891,196.39860000000002,237.79551666277771,236.83528845798023,238.79385225227378,86.13895074144102,81.46697583383995,86.39817354261132,Code/experiments/leveled_jet_comparison/results/leveled-main-v2/053-BFV-native-e4-d1-j16-sequential.json,6e0a36156ddf671ab2844165ec8b314f7eede054b78c379df051a551618f591c
1,leveled-main-v2,BFV,packed_terminal,sequential,4,1,16,11,9959786547401337537,7,448,1.5.1,16.1.0,32,1,0.10927799999990384,65537,8192,1,1,120,120.0,2,"[""1152921504606830593"",""1152921504606748673""]",0,[],120,2,BV,UNIFORM_TERNARY,NORESCALE,STANDARD,HPSPOVERQLEVELED,7,4,1170,1,2,1,1,0,0,HEStd_128_classic,False,262967,525405,526022,263211,14422016,10.2307,0.0117,0.5091,0.4985,0.5615,5.2032,5.1524,5.3555,4.7747,4.7226,5.074,0.4071,0.4045,0.4336,0.002,0.0018,0.003,10.9297,10.813899999999999,11.252100000000002,3350.99587408633,3153.3307055577457,3387.964256977089,1463.9011134797843,1421.9567902880349,1479.5772108120107,Code/experiments/leveled_jet_comparison/results/leveled-main-v2/057-BFV-packed_terminal-e4-d1-j16-sequential.json,7cefc09d0c6f1c425aa9d18e720898b04a39c82b8a590f4e65118f07cb5a938d
1,leveled-main-v2,BGV,native,sequential,4,1,16,11,9959786547401337537,7,448,1.5.1,16.1.0,32,1,1.2904581000002509,2,8192,1,1,54,53.926331,3,"[""65537"",""2277377"",""114689""]",60,"[""1152921504606830593""]",114,2,HYBRID,UNIFORM_TERNARY,FLEXIBLEAUTOEXT,STANDARD,HPS,7,4,1,16,32,16,16,0,0,HEStd_128_classic,False,394145,1050293,12614048,4210608,52932608,12.1549,0.0072,50.3214,50.0925,51.2216,60.5638,60.4245,60.9733,36.171,36.0894,36.5739,4.9928,4.9302,5.0833,0.0317,0.0287,0.0501,152.0834,151.9147,153.3838,442.3433137043488,437.4704365681538,443.3434748153198,105.20543333460456,104.31349334153933,105.32226308579749,Code/experiments/leveled_jet_comparison/results/leveled-main-v2/039-BGV-native-e4-d1-j16-sequential.json,fbc4c14298a445354921275e1c8c56c46e2a931e16df8dea26229ed8619691e2
1,leveled-main-v2,BGV,packed_terminal,sequential,4,1,16,11,9959786547401337537,7,448,1.5.1,16.1.0,32,1,0.09758859999965352,65537,8192,1,1,83,82.807556,3,"[""1073872897"",""68720050177"",""114689""]",120,"[""1152921497895862273"",""1152921422732787713""]",203,2,HYBRID,UNIFORM_TERNARY,FLEXIBLEAUTOEXT,STANDARD,HPS,7,4,1170,1,2,1,1,0,0,HEStd_128_classic,False,394153,1312641,788394,263179,16039936,14.6284,0.0101,0.6861,0.6714,0.7456,4.3924,4.3314,5.0159,3.0961,2.9982,3.417,0.565,0.5515,0.7104,0.0024,0.0019,0.0031,8.8995,8.6713,9.351899999999999,5167.7917379929595,4682.470002926544,5336.535254486024,1797.8538120119108,1710.8822806060803,1845.1673912792776,Code/experiments/leveled_jet_comparison/results/leveled-main-v2/052-BGV-packed_terminal-e4-d1-j16-sequential.json,77645383018d68ddb42cd5841da4345407bd8b43b7d5f241480efbaa976c7d55
1,leveled-main-v2,BFV,native,sequential,4,2,1,11,1225877420673396568,7,28,1.5.1,16.1.0,32,1,0.19911379999939527,2,8192,2,2,120,120.0,2,"[""1152921504606830593"",""1152921504606748673""]",0,[],120,2,BV,UNIFORM_TERNARY,NORESCALE,STANDARD,HPSPOVERQLEVELED,10,10,1,1,3,1,2,0,0,HEStd_128_classic,False,262967,525405,789033,263211,16084992,10.2861,0.0039,3.6146,3.5407,3.6938,7.6466,7.5853,8.0581,9.8085,9.6232,10.1935,0.4284,0.4005,0.6039,0.0023,0.0022,0.0026,21.649500000000003,21.211200000000005,22.134800000000002,101.9523882346944,98.1017314955609,103.9155374511597,46.19044319730247,45.17772918662016,47.144904578713124,Code/experiments/leveled_jet_comparison/results/leveled-main-v2/051-BFV-native-e4-d2-j1-sequential.json,3612ef65d474c56cf2f772f159dd6a6efb36b2d999bb20f3d30c63d19c0aaf74
1,leveled-main-v2,BFV,packed_terminal,sequential,4,2,1,11,1225877420673396568,7,28,1.5.1,16.1.0,32,1,0.25852210000084597,65537,8192,2,2,180,180.0,3,"[""1152921504606830593"",""1152921504606748673"",""1152921504606683137""]",0,[],180,3,BV,UNIFORM_TERNARY,NORESCALE,STANDARD,HPSPOVERQLEVELED,10,10,819,1,3,1,2,0,0,HEStd_128_classic,False,394161,1181191,1182615,394461,18804736,17.0483,0.0119,1.0828,1.012,1.1345,10.8656,10.3111,11.2369,16.1339,15.5663,16.7536,0.6918,0.6512,0.7346,0.0018,0.0014,0.0023,28.5707,27.549,29.3466,61.981294045457076,59.68866392894662,64.24134187314904,35.00089252275933,34.07549767264351,36.29895821989909,Code/experiments/leveled_jet_comparison/results/leveled-main-v2/028-BFV-packed_terminal-e4-d2-j1-sequential.json,ed91117d01f330784e697bc625e6baf2a19ed8380e83b79962f911b0191ba6f7
1,leveled-main-v2,BGV,native,sequential,4,2,1,11,1225877420673396568,7,28,1.5.1,16.1.0,32,1,0.20844190000025264,2,8192,2,2,76,75.135785,4,"[""65537"",""2277377"",""2424833"",""114689""]",60,"[""1152921504606830593""]",136,2,HYBRID,UNIFORM_TERNARY,FLEXIBLEAUTOEXT,STANDARD,HPS,10,10,1,1,3,1,2,0,0,HEStd_128_classic,False,525339,1312681,1576149,263219,18964480,13.7118,0.0037,6.078,6.0214,6.345,7.9397,7.8383,8.6361,7.9458,7.4924,8.4025,0.4228,0.3747,0.499,0.0026,0.0024,0.0028,22.349000000000004,21.9764,23.385900000000003,125.85265171537164,119.01219875037191,133.46858149591586,44.744731307888486,42.760808863460454,45.50335814783131,Code/experiments/leveled_jet_comparison/results/leveled-main-v2/049-BGV-native-e4-d2-j1-sequential.json,9f9a5fd87ee7b11f4ae4bce9624a1efd83b18043ed5c490073bb647d255990d6
1,leveled-main-v2,BGV,packed_terminal,sequential,4,2,1,11,1225877420673396568,7,28,1.5.1,16.1.0,32,1,0.3344342999989749,65537,16384,2,2,123,122.322789,4,"[""2148728833"",""137439510529"",""137439870977"",""163841""]",120,"[""1152921497895862273"",""1152921422732787713""]",243,2,HYBRID,UNIFORM_TERNARY,FLEXIBLEAUTOEXT,STANDARD,HPS,10,10,1638,1,3,1,2,0,0,HEStd_128_classic,False,1049627,3147877,3149013,525371,30408704,33.7428,0.0574,2.4814,2.4559,2.6018,15.3502,14.9696,15.5374,16.6376,16.5116,17.0407,0.8532,0.8143,0.8882,0.001,0.0008,0.0013,35.21060000000001,34.9755,36.034400000000005,60.104822810982355,58.683035321318954,60.56348264250587,28.400538474209466,27.75125990719978,28.591442581235437,Code/experiments/leveled_jet_comparison/results/leveled-main-v2/006-BGV-packed_terminal-e4-d2-j1-sequential.json,5b0d874fe1b684a852018174cb024bb5355d09b8f6c0e71506b4a0a62ddb3bfc
1,leveled-main-v2,BFV,native,sequential,4,2,16,11,7886356640976806058,7,448,1.5.1,16.1.0,32,1,2.584010799999305,2,8192,2,2,120,120.0,2,"[""1152921504606830593"",""1152921504606748673""]",0,[],120,2,BV,UNIFORM_TERNARY,NORESCALE,STANDARD,HPSPOVERQLEVELED,10,10,1,16,48,16,32,0,0,HEStd_128_classic,False,262967,525405,12624528,4211376,60342272,10.2699,0.0081,56.6997,55.8562,57.1318,116.4031,115.4039,117.4273,134.7946,134.4951,137.3228,4.062,3.9846,4.1584,0.0361,0.0297,0.0382,313.156,310.1877,315.52169999999995,118.69911702694321,116.51379086357109,118.96344179081616,51.092746107371404,50.70966592789023,51.58167135576298,Code/experiments/leveled_jet_comparison/results/leveled-main-v2/058-BFV-native-e4-d2-j16-sequential.json,2ac2e0f02eb691e9ca7f93e8958fbbc7be04a36ba668e229cfdcb30e3037eed6
1,leveled-main-v2,BFV,packed_terminal,sequential,4,2,16,11,7886356640976806058,7,448,1.5.1,16.1.0,32,1,0.2455387999998493,65537,8192,2,2,180,180.0,3,"[""1152921504606830593"",""1152921504606748673"",""1152921504606683137""]",0,[],180,3,BV,UNIFORM_TERNARY,NORESCALE,STANDARD,HPSPOVERQLEVELED,10,10,819,1,3,1,2,0,0,HEStd_128_classic,False,394161,1181191,1182615,394461,18862080,16.3698,0.0144,1.014,0.9942,1.1069,10.1978,9.9959,10.6295,15.0469,14.6435,15.4559,0.657,0.6355,0.7366,0.0031,0.0028,0.0032,26.9833,26.6258,27.2626,1063.3419508337265,1035.2033851150693,1092.6349574896713,592.9593489306349,586.8845964801596,600.9209112965619,Code/experiments/leveled_jet_comparison/results/leveled-main-v2/009-BFV-packed_terminal-e4-d2-j16-sequential.json,ad0ff4ef1ad1aa81cbc0e40fe096a0fcb423cfa5fb844d8a458d0ae94c1d3f94
1,leveled-main-v2,BGV,native,sequential,4,2,16,11,7886356640976806058,7,448,1.5.1,16.1.0,32,1,2.5900712000002386,2,8192,2,2,76,75.135785,4,"[""65537"",""2277377"",""2424833"",""114689""]",60,"[""1152921504606830593""]",136,2,HYBRID,UNIFORM_TERNARY,FLEXIBLEAUTOEXT,STANDARD,HPS,10,10,1,16,48,16,32,0,0,HEStd_128_classic,False,525339,1312681,25218384,4211504,80949248,13.3259,0.0069,95.5569,94.9289,96.7064,104.5453,103.4786,105.8653,104.1954,103.9024,105.2329,4.6877,4.6375,4.8783,0.0291,0.0276,0.036,309.715,307.6039,311.16100000000006,153.5576426598487,152.0437049629916,153.99066816550916,51.66039746218298,51.420325812039415,52.014945194127904,Code/experiments/leveled_jet_comparison/results/leveled-main-v2/045-BGV-native-e4-d2-j16-sequential.json,8be3c411abf114078853a243ce79b55565da299d1a115e4415949560a14c1310
1,leveled-main-v2,BGV,packed_terminal,sequential,4,2,16,11,7886356640976806058,7,448,1.5.1,16.1.0,32,1,0.3373286999994889,65537,16384,2,2,123,122.322789,4,"[""2148728833"",""137439510529"",""137439870977"",""163841""]",120,"[""1152921497895862273"",""1152921422732787713""]",243,2,HYBRID,UNIFORM_TERNARY,FLEXIBLEAUTOEXT,STANDARD,HPS,10,10,1638,1,3,1,2,0,0,HEStd_128_classic,False,1049627,3147877,3149013,525371,30400512,33.1715,0.0162,2.5668,2.4893,2.6025,15.3694,15.2924,15.7998,16.9163,16.4356,17.0454,0.8661,0.8422,0.9641,0.0033,0.0032,0.0041,35.6625,35.257000000000005,36.1323,945.8333087022576,938.669670409612,973.4965562559322,448.6505432877672,442.81709163269426,453.81059080466287,Code/experiments/leveled_jet_comparison/results/leveled-main-v2/015-BGV-packed_terminal-e4-d2-j16-sequential.json,bd18ba8e5a9395cfb8e5f82946768d1265daf88c343ca31526ee8f12fbcb0ec5
1,leveled-main-v2,BFV,native,sequential,4,4,1,11,12809452171024629636,7,28,1.5.1,16.1.0,32,1,0.47282169999925827,2,8192,4,4,180,180.0,3,"[""1152921504606830593"",""1152921504606748673"",""1152921504606683137""]",0,[],180,3,BV,UNIFORM_TERNARY,NORESCALE,STANDARD,HPSPOVERQLEVELED,16,35,1,1,5,1,4,0,0,HEStd_128_classic,False,394161,1181191,1971025,394285,21831680,16.0702,0.0042,8.0543,7.9032,8.4485,17.0467,16.5378,17.4121,29.2833,28.3881,29.9826,0.6622,0.5284,0.7885,0.0026,0.0025,0.0033,55.0025,53.7754,56.086400000000005,34.14915668657562,33.35267788650751,35.22602780742635,18.180991773101223,17.829634278541675,18.595863536115026,Code/experiments/leveled_jet_comparison/results/leveled-main-v2/036-BFV-native-e4-d4-j1-sequential.json,0a2e7b14d924369ef6b12947f85f171bdb53a8278bc8cdcd1e663cd5db3df404
1,leveled-main-v2,BFV,packed_terminal,sequential,4,4,1,11,12809452171024629636,7,28,1.5.1,16.1.0,32,1,1.0597481000004336,65537,16384,4,4,240,240.0,4,"[""1152921504606748673"",""1152921504606683137"",""1152921504606584833"",""1152921504605962241""]",0,[],240,4,BV,UNIFORM_TERNARY,NORESCALE,STANDARD,HPSPOVERQLEVELED,16,35,1024,1,5,1,4,0,0,HEStd_128_classic,False,1049643,4196405,5248435,1049807,40960000,43.4657,0.0188,4.1779,4.0868,4.2885,42.203,41.4575,42.7111,76.7681,75.1379,77.4693,1.5365,1.2027,1.8713,0.0022,0.0019,0.003,124.1162,123.01580000000001,125.93610000000001,13.02624397373388,12.90833917435681,13.308862770985082,8.056965972209913,7.94053492207556,8.129037083041364,Code/experiments/leveled_jet_comparison/results/leveled-main-v2/005-BFV-packed_terminal-e4-d4-j1-sequential.json,b392350d372178df7e4de957c762529063b30c73fcccdf612968f95e1df73e47
1,leveled-main-v2,BGV,native,sequential,4,4,1,11,12809452171024629636,7,28,1.5.1,16.1.0,32,1,0.48155919999953767,2,8192,4,4,118,117.770257,6,"[""65537"",""2277377"",""2424833"",""2572289"",""2654209"",""114689""]",60,"[""1152921504606830593""]",178,2,HYBRID,UNIFORM_TERNARY,FLEXIBLEAUTOEXT,STANDARD,HPS,16,35,1,1,5,1,4,0,0,HEStd_128_classic,False,787711,2755431,3938775,263315,27938816,20.9901,0.0054,14.6941,14.6023,14.7807,17.0199,16.5936,17.967,22.8682,22.3683,23.5765,0.4182,0.3988,0.5115,0.0025,0.0024,0.0026,55.007,54.027300000000004,56.2708,43.72884617066494,42.41511674760885,44.70612429196675,18.17950442670933,17.77120638057394,18.509161109291043,Code/experiments/leveled_jet_comparison/results/leveled-main-v2/065-BGV-native-e4-d4-j1-sequential.json,ecede28dccbc019f37d870ec7bf8e4d5b2cf9f254395689137ddedefd0593b81
1,leveled-main-v2,BGV,packed_terminal,sequential,4,4,1,11,12809452171024629636,7,28,1.5.1,16.1.0,32,1,0.8048251000000164,65537,16384,4,4,197,196.322815,6,"[""2148728833"",""137439510529"",""137439870977"",""137440198657"",""137440264193"",""163841""]",120,"[""1152921497895862273"",""1152921422732787713""]",317,2,HYBRID,UNIFORM_TERNARY,FLEXIBLEAUTOEXT,STANDARD,HPS,16,35,1024,1,5,1,4,0,0,HEStd_128_classic,False,1574159,6294653,7871015,525483,47243264,53.7033,0.0195,5.8474,5.8311,5.9849,33.9343,33.479,36.2903,49.4572,48.7222,49.9935,0.8445,0.8106,0.9225,0.0024,0.0018,0.0054,90.09060000000001,88.98349999999999,92.6921,20.219502923740123,20.002600338043948,20.524524754629308,11.099937174355592,10.788405915930268,11.238038512757985,Code/experiments/leveled_jet_comparison/results/leveled-main-v2/034-BGV-packed_terminal-e4-d4-j1-sequential.json,30fef795b10726e65d208a813ea9bf057d0f3574d6aa31a5c5b70baa690047d8
1,leveled-main-v2,BFV,native,sequential,4,4,16,11,10022015818491217334,7,448,1.5.1,16.1.0,32,1,6.563853700001346,2,8192,4,4,180,180.0,3,"[""1152921504606830593"",""1152921504606748673"",""1152921504606683137""]",0,[],180,3,BV,UNIFORM_TERNARY,NORESCALE,STANDARD,HPSPOVERQLEVELED,16,35,1,16,80,16,64,0,0,HEStd_128_classic,False,394161,1181191,31536400,6308560,107626496,16.2958,0.0099,134.0129,127.3843,138.3169,262.2208,246.3651,263.272,415.6302,390.6162,428.8224,5.6723,5.4168,5.8143,0.0306,0.0301,0.0402,821.3134,771.6109999999999,835.142,38.49575897035393,37.311483728461944,40.96092276766811,19.480992274081977,19.158418568339275,20.73583709926375,Code/experiments/leveled_jet_comparison/results/leveled-main-v2/004-BFV-native-e4-d4-j16-sequential.json,d3558ea8498214171823331ecd8eac820c09bfa08200dffd4fd603aeffd3e549
1,leveled-main-v2,BFV,packed_terminal,sequential,4,4,16,11,10022015818491217334,7,448,1.5.1,16.1.0,32,1,1.0551681999986613,65537,16384,4,4,240,240.0,4,"[""1152921504606748673"",""1152921504606683137"",""1152921504606584833"",""1152921504605962241""]",0,[],240,4,BV,UNIFORM_TERNARY,NORESCALE,STANDARD,HPSPOVERQLEVELED,16,35,1024,1,5,1,4,0,0,HEStd_128_classic,False,1049643,4196405,5248435,1049807,40972288,44.3391,0.0253,4.1552,4.0853,4.2001,41.8014,41.529,42.4696,75.8843,75.3719,77.4745,1.5758,1.4832,1.8481,0.005,0.0041,0.0052,123.83779999999999,122.7022,125.1187,210.84730306532447,206.51956450186833,212.28070408202527,129.20126165032002,127.87856651323902,130.39700999656077,Code/experiments/leveled_jet_comparison/results/leveled-main-v2/076-BFV-packed_terminal-e4-d4-j16-sequential.json,7a1c028f84c2573b1b567e5eb4469a9ab5e5f82fa559459d490a459f06cf12a2
1,leveled-main-v2,BGV,native,sequential,4,4,16,11,10022015818491217334,7,448,1.5.1,16.1.0,32,1,6.644249499999205,2,8192,4,4,118,117.770257,6,"[""65537"",""2277377"",""2424833"",""2572289"",""2654209"",""114689""]",60,"[""1152921504606830593""]",178,2,HYBRID,UNIFORM_TERNARY,FLEXIBLEAUTOEXT,STANDARD,HPS,16,35,1,16,80,16,64,0,0,HEStd_128_classic,False,787711,2755431,63020400,4213040,159203328,21.0051,0.0133,240.0384,222.7257,248.7484,238.0167,221.7133,241.5095,342.7612,318.7689,347.0492,5.1493,4.7984,5.3279,0.0302,0.0297,0.0455,827.1675,770.2206,842.6659,46.67972921089085,46.102973296005295,50.19310227566115,19.343119742978296,18.987359047043437,20.773269372436935,Code/experiments/leveled_jet_comparison/results/leveled-main-v2/071-BGV-native-e4-d4-j16-sequential.json,f3fa7ab01b7bae1f3d7287196513652e050b3892387aa467fe0ac998b65095c9
1,leveled-main-v2,BGV,packed_terminal,sequential,4,4,16,11,10022015818491217334,7,448,1.5.1,16.1.0,32,1,0.7941008999987389,65537,16384,4,4,197,196.322815,6,"[""2148728833"",""137439510529"",""137439870977"",""137440198657"",""137440264193"",""163841""]",120,"[""1152921497895862273"",""1152921422732787713""]",317,2,HYBRID,UNIFORM_TERNARY,FLEXIBLEAUTOEXT,STANDARD,HPS,16,35,1024,1,5,1,4,0,0,HEStd_128_classic,False,1574159,6294653,7871015,525483,47210496,53.3839,0.0265,5.8844,5.8382,5.9057,33.3679,32.9206,34.2648,48.8966,47.7141,49.4154,0.8679,0.8316,0.9242,0.0043,0.0038,0.0049,88.59239999999998,87.9114,90.09129999999999,327.2211155785883,323.78570243284486,335.3306464965283,180.60239930287477,177.5976148640324,182.00142416114406,Code/experiments/leveled_jet_comparison/results/leveled-main-v2/047-BGV-packed_terminal-e4-d4-j16-sequential.json,bcfd6960c6c4fe803d6db8bc31817b75fda236b11841cdabc67c1c39cddc8e89
1,leveled-main-v2,BFV,native,sequential,8,1,1,11,2150130927333774173,7,56,1.5.1,16.1.0,32,1,0.12835809999887715,2,8192,1,1,120,120.0,2,"[""1152921504606830593"",""1152921504606748673""]",0,[],120,2,BV,UNIFORM_TERNARY,NORESCALE,STANDARD,HPSPOVERQLEVELED,15,8,1,1,2,1,1,0,0,HEStd_128_classic,False,262967,525405,526022,263211,14893056,10.2964,0.0035,2.452,2.3914,2.6586,5.3069,5.2268,5.5054,4.9247,4.87,5.2801,0.4044,0.3684,0.4432,0.0027,0.0025,0.004,13.1312,12.9804,13.6373,203.05805429772374,189.3903524554459,205.3388090349076,76.15450225417327,73.32829812352885,77.0392283750886,Code/experiments/leveled_jet_comparison/results/leveled-main-v2/020-BFV-native-e8-d1-j1-sequential.json,528eff586edf2d80af29959b9c7f2172dfd1f0157faa4b790c9b5006b4f4b0de
1,leveled-main-v2,BFV,packed_terminal,sequential,8,1,1,11,2150130927333774173,7,56,1.5.1,16.1.0,32,1,0.11408300000039162,65537,8192,1,1,120,120.0,2,"[""1152921504606830593"",""1152921504606748673""]",0,[],120,2,BV,UNIFORM_TERNARY,NORESCALE,STANDARD,HPSPOVERQLEVELED,15,8,546,1,2,1,1,0,0,HEStd_128_classic,False,262967,525405,526022,263211,14417920,10.3509,0.0184,0.5272,0.5039,0.6157,5.4295,5.274,5.5549,5.0756,4.8617,5.2568,0.4785,0.4105,0.5363,0.0016,0.0013,0.002,11.5423,11.208800000000002,11.8392,197.0210418472693,190.22979759549534,205.6893679165724,86.63784514351559,84.46516656530846,89.2156163014774,Code/experiments/leveled_jet_comparison/results/leveled-main-v2/042-BFV-packed_terminal-e8-d1-j1-sequential.json,90a330016c461cc56991bf75c1d59bb17311c83cc25e8b80bce87593b8d91193
1,leveled-main-v2,BGV,native,sequential,8,1,1,11,2150130927333774173,7,56,1.5.1,16.1.0,32,1,0.11222039999847766,2,8192,1,1,54,53.926331,3,"[""65537"",""2277377"",""114689""]",60,"[""1152921504606830593""]",114,2,HYBRID,UNIFORM_TERNARY,FLEXIBLEAUTOEXT,STANDARD,HPS,15,8,1,1,2,1,1,0,0,HEStd_128_classic,False,394145,1050293,788378,263163,15560704,11.8313,0.0043,3.0604,3.0315,3.2118,4.4159,4.3508,4.9745,2.8075,2.6272,3.2736,0.4815,0.4724,0.5012,0.0025,0.0024,0.0029,10.933,10.692,11.2871,356.18878005342833,305.4740957966764,380.63337393422654,91.4662032379036,88.59671660568259,93.52787130564909,Code/experiments/leveled_jet_comparison/results/leveled-main-v2/048-BGV-native-e8-d1-j1-sequential.json,9ce73b2f611023a812930a3017d895fa0881737eaad9daea973d24be02cc30a7
1,leveled-main-v2,BGV,packed_terminal,sequential,8,1,1,11,2150130927333774173,7,56,1.5.1,16.1.0,32,1,0.09870450000016717,65537,8192,1,1,83,82.807556,3,"[""1073872897"",""68720050177"",""114689""]",120,"[""1152921497895862273"",""1152921422732787713""]",203,2,HYBRID,UNIFORM_TERNARY,FLEXIBLEAUTOEXT,STANDARD,HPS,15,8,546,1,2,1,1,0,0,HEStd_128_classic,False,394153,1312641,788394,263179,16035840,15.7848,0.0161,0.6827,0.668,0.7251,4.5139,4.3037,4.8955,3.0638,2.9818,3.261,0.5527,0.5427,0.6473,0.0012,0.0008,0.0015,8.8708,8.5183,9.211,326.3920621450486,306.65440049064705,335.3678985847475,112.72940433782749,108.56584518510476,117.39431576723055,Code/experiments/leveled_jet_comparison/results/leveled-main-v2/069-BGV-packed_terminal-e8-d1-j1-sequential.json,ece48e423cab8ce3ac4f53ad83e574d7c2100a4f455473473b088a10cf83f05e
1,leveled-main-v2,BFV,native,sequential,8,1,16,11,14459280580230685257,7,896,1.5.1,16.1.0,32,1,1.5694650999994337,2,8192,1,1,120,120.0,2,"[""1152921504606830593"",""1152921504606748673""]",0,[],120,2,BV,UNIFORM_TERNARY,NORESCALE,STANDARD,HPSPOVERQLEVELED,15,8,1,16,32,16,16,0,0,HEStd_128_classic,False,262967,525405,8416352,4211376,46206976,10.624,0.0093,37.8304,37.2397,38.1006,77.2884,77.1335,78.1816,67.6011,67.4861,68.4435,4.0178,3.9842,4.1506,0.0339,0.0318,0.0349,187.26540000000003,186.24669999999998,187.88049999999998,236.68253918945106,233.7694594811779,237.08585916210896,85.44023615681273,85.16051426305552,85.90756238902489,Code/experiments/leveled_jet_comparison/results/leveled-main-v2/033-BFV-native-e8-d1-j16-sequential.json,be6d87b0fd92f71706d7457e9094dc963be0a7b72224986559287f4b2712dc3f
1,leveled-main-v2,BFV,packed_terminal,sequential,8,1,16,11,14459280580230685257,7,896,1.5.1,16.1.0,32,1,0.1205960999996023,65537,8192,1,1,120,120.0,2,"[""1152921504606830593"",""1152921504606748673""]",0,[],120,2,BV,UNIFORM_TERNARY,NORESCALE,STANDARD,HPSPOVERQLEVELED,15,8,546,1,2,1,1,0,0,HEStd_128_classic,False,262967,525405,526022,263211,14442496,10.8441,0.0223,0.5405,0.5285,0.5698,5.6265,5.4619,6.1496,5.3225,4.9856,5.6227,0.5271,0.4406,0.6567,0.0068,0.0052,0.0072,12.006200000000002,11.7118,12.6252,3006.1061531235323,2845.607981930389,3209.242618741977,1332.6448001865701,1267.3066565282134,1366.143547533257,Code/experiments/leveled_jet_comparison/results/leveled-main-v2/030-BFV-packed_terminal-e8-d1-j16-sequential.json,98a4444e9576d341a046965c0df9a13344710bf9bac89e4c439982092efc67fe
1,leveled-main-v2,BGV,native,sequential,8,1,16,11,14459280580230685257,7,896,1.5.1,16.1.0,32,1,1.283499999999549,2,8192,1,1,54,53.926331,3,"[""65537"",""2277377"",""114689""]",60,"[""1152921504606830593""]",114,2,HYBRID,UNIFORM_TERNARY,FLEXIBLEAUTOEXT,STANDARD,HPS,15,8,1,16,32,16,16,0,0,HEStd_128_classic,False,394145,1050293,12614048,4210608,52998144,12.0101,0.01,50.8837,49.5503,52.0299,60.3317,59.9447,60.7444,35.8174,35.7122,36.0451,4.8766,4.7232,5.0038,0.031,0.0299,0.0348,152.0225,151.0045,152.57129999999998,446.7102581426904,443.88835098251917,448.0261647280201,105.24757848344817,104.8690022304326,105.95710723852599,Code/experiments/leveled_jet_comparison/results/leveled-main-v2/067-BGV-native-e8-d1-j16-sequential.json,b18314eb221a643de41684b28bab611a14183f03c403a50feb1f9b4dd07d9140
1,leveled-main-v2,BGV,packed_terminal,sequential,8,1,16,11,14459280580230685257,7,896,1.5.1,16.1.0,32,1,0.09916180000072927,65537,8192,1,1,83,82.807556,3,"[""1073872897"",""68720050177"",""114689""]",120,"[""1152921497895862273"",""1152921422732787713""]",203,2,HYBRID,UNIFORM_TERNARY,FLEXIBLEAUTOEXT,STANDARD,HPS,15,8,546,1,2,1,1,0,0,HEStd_128_classic,False,394153,1312641,788394,263179,16056320,15.1468,0.021,0.6944,0.6729,0.7674,4.4553,4.3666,4.7446,3.0809,2.9598,3.1852,0.5815,0.5478,0.7719,0.0043,0.004,0.0049,8.893699999999999,8.6226,9.0804,5193.287675679185,5023.232450081628,5405.770660179742,1799.026277027559,1762.0369146733626,1855.5888015215828,Code/experiments/leveled_jet_comparison/results/leveled-main-v2/041-BGV-packed_terminal-e8-d1-j16-sequential.json,aaae85d26459461526c07083d05bf1512d07da5b7f3662dcf6eb50b8bbf6753a
1,leveled-main-v2,BFV,native,sequential,8,2,1,11,11158858400013398168,7,56,1.5.1,16.1.0,32,1,0.19739140000092448,2,8192,2,2,120,120.0,2,"[""1152921504606830593"",""1152921504606748673""]",0,[],120,2,BV,UNIFORM_TERNARY,NORESCALE,STANDARD,HPSPOVERQLEVELED,22,36,1,1,3,1,2,0,0,HEStd_128_classic,False,262967,525405,789033,263211,16052224,10.525,0.0044,3.5126,3.4461,3.6957,7.7613,7.626,7.8707,9.8488,9.6826,9.9947,0.4415,0.4306,0.591,0.0028,0.0025,0.003,21.5946,21.3822,21.819100000000002,101.53521241166436,100.05302810489559,103.27804515316133,46.30787326461245,45.83140459505662,46.76787234241565,Code/experiments/leveled_jet_comparison/results/leveled-main-v2/037-BFV-native-e8-d2-j1-sequential.json,17113120c09594eb574ce9021c02304e0e2e3ebba628fd7b18e9ffd198281b85
1,leveled-main-v2,BFV,packed_terminal,sequential,8,2,1,11,11158858400013398168,7,56,1.5.1,16.1.0,32,1,0.24600629999986268,65537,8192,2,2,180,180.0,3,"[""1152921504606830593"",""1152921504606748673"",""1152921504606683137""]",0,[],180,3,BV,UNIFORM_TERNARY,NORESCALE,STANDARD,HPSPOVERQLEVELED,22,36,372,1,3,1,2,0,0,HEStd_128_classic,False,394161,1181191,1182615,394461,18874368,16.196,0.0346,1.0175,0.9754,1.0974,10.3181,10.0989,10.4451,15.2687,14.8407,15.6005,0.6287,0.6215,0.7785,0.0025,0.0017,0.0029,27.0827,26.9389,27.679199999999998,65.49346047797127,64.1005095990513,67.38226633514591,36.923940375221086,36.12821179802885,37.12104057700945,Code/experiments/leveled_jet_comparison/results/leveled-main-v2/023-BFV-packed_terminal-e8-d2-j1-sequential.json,1f2e5ca481cc041ab8cdd0408ce31c836cb16c443f19fb98e6c02e6191ded752
1,leveled-main-v2,BGV,native,sequential,8,2,1,11,11158858400013398168,7,56,1.5.1,16.1.0,32,1,0.21237270000165154,2,8192,2,2,76,75.135785,4,"[""65537"",""2277377"",""2424833"",""114689""]",60,"[""1152921504606830593""]",136,2,HYBRID,UNIFORM_TERNARY,FLEXIBLEAUTOEXT,STANDARD,HPS,22,36,1,1,3,1,2,0,0,HEStd_128_classic,False,525339,1312681,1576149,263219,18980864,14.0757,0.0046,6.2344,6.1692,6.6343,8.2266,7.7898,8.7819,7.8659,7.5879,8.2502,0.4264,0.3877,0.4714,0.0029,0.0026,0.0038,22.911599999999996,22.4934,23.0248,127.13103395669917,121.20918280768952,131.78876896110913,43.6460133731385,43.43143045759356,44.457485306801104,Code/experiments/leveled_jet_comparison/results/leveled-main-v2/025-BGV-native-e8-d2-j1-sequential.json,f54c9816892ca1855608d161df73bad9771072d97830f95691b3701e8c099c97
1,leveled-main-v2,BGV,packed_terminal,sequential,8,2,1,11,11158858400013398168,7,56,1.5.1,16.1.0,32,1,0.3400915000001987,65537,16384,2,2,123,122.322789,4,"[""2148728833"",""137439510529"",""137439870977"",""163841""]",120,"[""1152921497895862273"",""1152921422732787713""]",243,2,HYBRID,UNIFORM_TERNARY,FLEXIBLEAUTOEXT,STANDARD,HPS,22,36,744,1,3,1,2,0,0,HEStd_128_classic,False,1049627,3147877,3149013,525371,30396416,33.4804,0.0357,2.5447,2.5001,2.7646,15.6156,15.3129,15.8248,17.0301,16.4085,17.3805,0.8887,0.8015,0.9167,0.0018,0.0016,0.0027,36.1604,35.156800000000004,36.701899999999995,58.71956124743836,57.53574408101032,60.94402291495262,27.654561343347968,27.24654581915378,28.443999453875207,Code/experiments/leveled_jet_comparison/results/leveled-main-v2/066-BGV-packed_terminal-e8-d2-j1-sequential.json,04ad99b91502fb448968136b88ab6f2c82acf25cd0e749ab9271491047d74d39
1,leveled-main-v2,BFV,native,sequential,8,2,16,11,16427511470842468147,7,896,1.5.1,16.1.0,32,1,2.5844872999987274,2,8192,2,2,120,120.0,2,"[""1152921504606830593"",""1152921504606748673""]",0,[],120,2,BV,UNIFORM_TERNARY,NORESCALE,STANDARD,HPSPOVERQLEVELED,22,36,1,16,48,16,32,0,0,HEStd_128_classic,False,262967,525405,12624528,4211376,60329984,10.3022,0.0086,56.5869,56.2046,57.0191,116.7167,115.8902,117.3304,134.8574,133.3808,135.121,4.027,3.9837,4.0474,0.0318,0.0306,0.0359,312.2227,309.75,313.15090000000004,118.64384156894614,118.41238593556885,119.95729520290777,51.245473183083746,51.09357820782248,51.6545601291364,Code/experiments/leveled_jet_comparison/results/leveled-main-v2/040-BFV-native-e8-d2-j16-sequential.json,f0d016e993b5bd5e54a728441dfffb26b54ebf5a42ec1b00290ba4ec2502441f
1,leveled-main-v2,BFV,packed_terminal,sequential,8,2,16,11,16427511470842468147,7,896,1.5.1,16.1.0,32,1,0.24858119999953487,65537,8192,2,2,180,180.0,3,"[""1152921504606830593"",""1152921504606748673"",""1152921504606683137""]",0,[],180,3,BV,UNIFORM_TERNARY,NORESCALE,STANDARD,HPSPOVERQLEVELED,22,36,372,1,3,1,2,0,0,HEStd_128_classic,False,394161,1181191,1182615,394461,18849792,16.7323,0.038,1.033,0.9856,1.2959,10.3648,10.2498,10.9944,15.0872,14.7878,15.5101,0.6482,0.615,0.7378,0.0072,0.0068,0.0093,27.224800000000002,26.958999999999996,27.8453,1060.5016172649664,1031.5858698525478,1081.9729777248813,587.6994505010138,574.6032544091821,593.4938239548945,Code/experiments/leveled_jet_comparison/results/leveled-main-v2/019-BFV-packed_terminal-e8-d2-j16-sequential.json,6650f2f20232af00eb0ff6ada696467dffd85cc32b609c02a3dafb3a9caef8a5
1,leveled-main-v2,BGV,native,sequential,8,2,16,11,16427511470842468147,7,896,1.5.1,16.1.0,32,1,2.5971926000001986,2,8192,2,2,76,75.135785,4,"[""65537"",""2277377"",""2424833"",""114689""]",60,"[""1152921504606830593""]",136,2,HYBRID,UNIFORM_TERNARY,FLEXIBLEAUTOEXT,STANDARD,HPS,22,36,1,16,48,16,32,0,0,HEStd_128_classic,False,525339,1312681,25218384,4211504,81022976,13.84,0.0103,96.9098,95.6237,97.1638,105.4601,104.1203,106.157,105.1367,104.6394,105.6405,4.7528,4.7079,4.8479,0.034,0.0321,0.0389,312.36410000000006,310.46119999999996,313.0557,152.18282483661747,151.45706428879075,152.90607553177867,51.22227554318821,51.10911572605131,51.53623061432476,Code/experiments/leveled_jet_comparison/results/leveled-main-v2/001-BGV-native-e8-d2-j16-sequential.json,fca08051556d60b07066c85ef99539dbf77d3b0b6504df35f67b9234b31a9095
1,leveled-main-v2,BGV,packed_terminal,sequential,8,2,16,11,16427511470842468147,7,896,1.5.1,16.1.0,32,1,0.3386160000009113,65537,16384,2,2,123,122.322789,4,"[""2148728833"",""137439510529"",""137439870977"",""163841""]",120,"[""1152921497895862273"",""1152921422732787713""]",243,2,HYBRID,UNIFORM_TERNARY,FLEXIBLEAUTOEXT,STANDARD,HPS,22,36,744,1,3,1,2,0,0,HEStd_128_classic,False,1049627,3147877,3149013,525371,30416896,32.5677,0.041,2.5523,2.5193,2.5877,15.5641,15.429,16.4697,16.8034,16.4225,17.1203,0.8774,0.8311,0.9047,0.0071,0.007,0.0086,35.7986,35.3257,36.8097,952.1882476165538,934.563062563156,974.2731009286041,446.9448525920008,434.6680358709797,452.9280382271265,Code/experiments/leveled_jet_comparison/results/leveled-main-v2/072-BGV-packed_terminal-e8-d2-j16-sequential.json,6893f5718e74521ba3492325aa0d4cfa64fdfe5caae3b4091b81b5467a869da8
1,leveled-main-v2,BFV,native,sequential,8,4,1,11,4145174623637645568,7,56,1.5.1,16.1.0,32,1,0.46129389999987325,2,8192,4,4,180,180.0,3,"[""1152921504606830593"",""1152921504606748673"",""1152921504606683137""]",0,[],180,3,BV,UNIFORM_TERNARY,NORESCALE,STANDARD,HPSPOVERQLEVELED,36,330,1,1,5,1,4,0,0,HEStd_128_classic,False,394161,1181191,1971025,394285,21901312,16.1514,0.0051,7.9944,7.8328,8.2935,16.5938,16.3341,16.8465,28.1878,27.9768,28.7189,0.6118,0.5582,0.8315,0.0031,0.0026,0.0035,53.3548,52.9152,54.0514,35.47634082830161,34.82027514981423,35.74390209030339,18.74245616139504,18.500908394602174,18.898161586840832,Code/experiments/leveled_jet_comparison/results/leveled-main-v2/055-BFV-native-e8-d4-j1-sequential.json,cfd4117ebc04ab23ab6f0965bbf8b1f0dbe21b16654d25b97322da23e1eb9d30
1,leveled-main-v2,BFV,packed_terminal,sequential,8,4,1,11,4145174623637645568,7,56,1.5.1,16.1.0,32,1,1.075740100000985,65537,16384,4,4,240,240.0,4,"[""1152921504606748673"",""1152921504606683137"",""1152921504606584833"",""1152921504605962241""]",0,[],240,4,BV,UNIFORM_TERNARY,NORESCALE,STANDARD,HPSPOVERQLEVELED,36,330,455,1,5,1,4,0,0,HEStd_128_classic,False,1049643,4196405,5248435,1049807,40980480,47.9952,0.1166,4.2316,4.1283,4.3121,42.1118,41.2409,43.7995,76.6811,76.2603,78.1344,1.5891,1.4173,1.7232,0.0024,0.0018,0.003,124.2996,124.02180000000001,127.97180000000002,13.041023146511982,12.798460089282058,13.112982770851938,8.045078182069773,7.814221570689791,8.06309858428115,Code/experiments/leveled_jet_comparison/results/leveled-main-v2/031-BFV-packed_terminal-e8-d4-j1-sequential.json,329844401cf75363af2195f9a9aecf84c8dcf9fcc292609aa3d9ee78fe1c6654
1,leveled-main-v2,BGV,native,sequential,8,4,1,11,4145174623637645568,7,56,1.5.1,16.1.0,32,1,0.4816571000010299,2,8192,4,4,118,117.770257,6,"[""65537"",""2277377"",""2424833"",""2572289"",""2654209"",""114689""]",60,"[""1152921504606830593""]",178,2,HYBRID,UNIFORM_TERNARY,FLEXIBLEAUTOEXT,STANDARD,HPS,36,330,1,1,5,1,4,0,0,HEStd_128_classic,False,787711,2755431,3938775,263315,27947008,21.3321,0.0059,14.4211,14.1385,15.0072,17.263,16.9453,17.996,22.8951,22.6335,23.395,0.4138,0.3012,0.5597,0.003,0.0025,0.0031,55.14939999999999,54.143899999999995,56.079699999999995,43.67746810452892,42.744176106005554,44.18229615393112,18.13256354556895,17.831764435259107,18.469301250925774,Code/experiments/leveled_jet_comparison/results/leveled-main-v2/078-BGV-native-e8-d4-j1-sequential.json,3256fffe317933afd38a01b6db1c99ceefa28b13f91d1dbbbbf6dfbad36b9f4a
1,leveled-main-v2,BGV,packed_terminal,sequential,8,4,1,11,4145174623637645568,7,56,1.5.1,16.1.0,32,1,0.8003410000001168,65537,16384,4,4,197,196.322815,6,"[""2148728833"",""137439510529"",""137439870977"",""137440198657"",""137440264193"",""163841""]",120,"[""1152921497895862273"",""1152921422732787713""]",317,2,HYBRID,UNIFORM_TERNARY,FLEXIBLEAUTOEXT,STANDARD,HPS,36,330,455,1,5,1,4,0,0,HEStd_128_classic,False,1574159,6294653,7871015,525483,47255552,53.3455,0.1099,5.9373,5.8416,5.976,34.232,33.0833,34.4252,49.0912,48.825,49.3642,0.8784,0.8348,0.9082,0.0023,0.0016,0.0024,90.2303,88.65969999999999,90.33359999999999,20.370249657779805,20.25759558546477,20.481310803891446,11.082751581231582,11.0700780219099,11.27908170228413,Code/experiments/leveled_jet_comparison/results/leveled-main-v2/014-BGV-packed_terminal-e8-d4-j1-sequential.json,f8d3691cd1f5ad4e56e3fbcf9b52762f7b30f7818d81e993e94af1c68a6bd380
1,leveled-main-v2,BFV,native,sequential,8,4,16,11,1911674713138256820,7,896,1.5.1,16.1.0,32,1,6.64403140000104,2,8192,4,4,180,180.0,3,"[""1152921504606830593"",""1152921504606748673"",""1152921504606683137""]",0,[],180,3,BV,UNIFORM_TERNARY,NORESCALE,STANDARD,HPSPOVERQLEVELED,36,330,1,16,80,16,64,0,0,HEStd_128_classic,False,394161,1181191,31536400,6308560,107782144,16.5338,0.0151,135.5929,127.3498,151.5821,262.544,247.9951,285.3655,415.7508,395.7398,461.3476,5.7405,5.4361,9.7572,0.0334,0.0325,0.0491,820.0898,776.9825000000001,893.7793999999999,38.48459221245034,34.68100841968182,40.43060617102449,19.510058532614355,17.90150903008058,20.592484386713984,Code/experiments/leveled_jet_comparison/results/leveled-main-v2/010-BFV-native-e8-d4-j16-sequential.json,8d204066f44824200cf617dbbd9414a637bff3c7ca740e1aca3535e243343520
1,leveled-main-v2,BFV,packed_terminal,sequential,8,4,16,11,1911674713138256820,7,896,1.5.1,16.1.0,32,1,1.0640726999990875,65537,16384,4,4,240,240.0,4,"[""1152921504606748673"",""1152921504606683137"",""1152921504606584833"",""1152921504605962241""]",0,[],240,4,BV,UNIFORM_TERNARY,NORESCALE,STANDARD,HPSPOVERQLEVELED,36,330,455,1,5,1,4,0,0,HEStd_128_classic,False,1049643,4196405,5248435,1049807,40988672,44.52,0.1165,4.1789,4.1378,4.2863,41.9418,41.7498,43.2789,76.8667,76.1305,78.0485,1.5945,1.3306,1.9204,0.0102,0.0093,0.0108,124.8123,123.69149999999999,126.00409999999998,208.15255500756507,205.00073672139757,210.16543960699065,128.19249384876332,126.97999509539771,129.35407849367178,Code/experiments/leveled_jet_comparison/results/leveled-main-v2/021-BFV-packed_terminal-e8-d4-j16-sequential.json,5a493546db6a38ca515c6c1dd3bbf03245a5a00cccde16da99ad2d35a3543a84
1,leveled-main-v2,BGV,native,sequential,8,4,16,11,1911674713138256820,7,896,1.5.1,16.1.0,32,1,6.768286399999852,2,8192,4,4,118,117.770257,6,"[""65537"",""2277377"",""2424833"",""2572289"",""2654209"",""114689""]",60,"[""1152921504606830593""]",178,2,HYBRID,UNIFORM_TERNARY,FLEXIBLEAUTOEXT,STANDARD,HPS,36,330,1,16,80,16,64,0,0,HEStd_128_classic,False,787711,2755431,63020400,4213040,158801920,21.3471,0.017,238.1085,227.0736,312.6091,238.8965,221.0966,251.9186,344.7212,320.5544,354.9036,5.1511,4.7879,5.2172,0.0328,0.0325,0.0332,827.796,774.9857999999999,886.0378000000001,46.41431974592801,45.08266470106249,49.91352481825238,19.32843357542196,18.057920328004062,20.645539569886314,Code/experiments/leveled_jet_comparison/results/leveled-main-v2/013-BGV-native-e8-d4-j16-sequential.json,c69de6725ce244e7a09cb8eab2d6c5429de9b0fa0a272094afbcd587c325acf4
1,leveled-main-v2,BGV,packed_terminal,sequential,8,4,16,11,1911674713138256820,7,896,1.5.1,16.1.0,32,1,0.7913955000003625,65537,16384,4,4,197,196.322815,6,"[""2148728833"",""137439510529"",""137439870977"",""137440198657"",""137440264193"",""163841""]",120,"[""1152921497895862273"",""1152921422732787713""]",317,2,HYBRID,UNIFORM_TERNARY,FLEXIBLEAUTOEXT,STANDARD,HPS,36,330,455,1,5,1,4,0,0,HEStd_128_classic,False,1574159,6294653,7871015,525483,47247360,53.3508,0.115,5.8174,5.695,5.9383,33.5781,32.4578,33.9784,49.0111,47.8217,49.4524,0.8479,0.8397,0.8708,0.0101,0.0096,0.0119,89.2321,87.49239999999999,89.90960000000001,326.456659817878,323.5434478407519,334.57614430269103,179.30767067008398,177.95652522088852,182.87302668574645,Code/experiments/leveled_jet_comparison/results/leveled-main-v2/002-BGV-packed_terminal-e8-d4-j16-sequential.json,a5bd6415fbaa5796bfa91fcbf717936f0590c258d7958df33cce556528a72206
1,leveled-main-v2,BFV,native,sequential,16,1,1,11,13302061523941909278,7,112,1.5.1,16.1.0,32,1,0.12946679999913613,2,8192,1,1,120,120.0,2,"[""1152921504606830593"",""1152921504606748673""]",0,[],120,2,BV,UNIFORM_TERNARY,NORESCALE,STANDARD,HPSPOVERQLEVELED,31,16,1,1,2,1,1,0,0,HEStd_128_classic,False,262967,525405,526022,263211,14897152,10.6308,0.0071,2.377,2.351,2.5744,5.296,5.1724,5.6703,4.9263,4.8439,5.234,0.4357,0.4194,0.5476,0.0027,0.0026,0.0031,13.0603,12.8405,13.886899999999999,202.99210360716967,191.05846388995033,206.44521976093645,76.56791957305728,72.01031187666074,77.8785872824267,Code/experiments/leveled_jet_comparison/results/leveled-main-v2/018-BFV-native-e16-d1-j1-sequential.json,67d2a54cb791193ab42bc97a897a8da952fbb24b36de00dd7088cced47a1771f
1,leveled-main-v2,BFV,packed_terminal,sequential,16,1,1,11,13302061523941909278,7,112,1.5.1,16.1.0,32,1,0.11058550000052492,65537,8192,1,1,120,120.0,2,"[""1152921504606830593"",""1152921504606748673""]",0,[],120,2,BV,UNIFORM_TERNARY,NORESCALE,STANDARD,HPSPOVERQLEVELED,31,16,264,1,2,1,1,0,0,HEStd_128_classic,False,262967,525405,526022,263211,14413824,10.1215,0.081,0.5194,0.502,0.5382,5.2338,5.2018,5.3917,4.8141,4.7711,5.1178,0.4141,0.4041,0.4281,0.0027,0.0025,0.0036,10.978999999999997,10.917399999999999,11.4108,207.72314659022456,195.39645941615538,209.5952715306743,91.08297659167503,87.63627440670243,91.5969003608918,Code/experiments/leveled_jet_comparison/results/leveled-main-v2/060-BFV-packed_terminal-e16-d1-j1-sequential.json,94927dd68bd2d96e5539cd4e3ed9ca63bc13f99867e09e09c34092e47a6747f6
1,leveled-main-v2,BGV,native,sequential,16,1,1,11,13302061523941909278,7,112,1.5.1,16.1.0,32,1,0.1141884000007849,2,8192,1,1,54,53.926331,3,"[""65537"",""2277377"",""114689""]",60,"[""1152921504606830593""]",114,2,HYBRID,UNIFORM_TERNARY,FLEXIBLEAUTOEXT,STANDARD,HPS,31,16,1,1,2,1,1,0,0,HEStd_128_classic,False,394145,1050293,788378,263163,15458304,12.006,0.0075,3.2578,3.1452,3.3171,4.5497,4.4713,4.8436,2.8958,2.811,3.1295,0.4903,0.4724,0.6753,0.0029,0.0028,0.0031,11.3057,11.1241,11.609800000000002,345.32771600248634,319.53986259785904,355.7452863749555,88.4509583661339,86.1341280642216,89.894912846882,Code/experiments/leveled_jet_comparison/results/leveled-main-v2/017-BGV-native-e16-d1-j1-sequential.json,56823f2dbb0ad3af9a8c4ea7f643552a0928b4f802b37f478fdcbc18cee18c88
1,leveled-main-v2,BGV,packed_terminal,sequential,16,1,1,11,13302061523941909278,7,112,1.5.1,16.1.0,32,1,0.11051080000106595,65537,8192,1,1,83,82.807556,3,"[""1073872897"",""68720050177"",""114689""]",120,"[""1152921497895862273"",""1152921422732787713""]",203,2,HYBRID,UNIFORM_TERNARY,FLEXIBLEAUTOEXT,STANDARD,HPS,31,16,264,1,2,1,1,0,0,HEStd_128_classic,False,394153,1312641,788394,263179,16035840,16.6125,0.0945,0.7376,0.7152,0.8295,5.0144,4.7898,5.2212,3.461,3.3244,3.737,0.6512,0.6113,0.7383,0.0036,0.0033,0.0042,9.9398,9.539,10.316100000000002,288.9338341519792,267.5943270002676,300.8061605101673,100.6056459888529,96.93585754306373,104.8327916972429,Code/experiments/leveled_jet_comparison/results/leveled-main-v2/029-BGV-packed_terminal-e16-d1-j1-sequential.json,7952ff25cea5c151203d7d15d62f8a1457859f6f69f169f66698edcd13754541
1,leveled-main-v2,BFV,native,sequential,16,1,16,11,15925532168896819544,7,1792,1.5.1,16.1.0,32,1,1.554851700000654,2,8192,1,1,120,120.0,2,"[""1152921504606830593"",""1152921504606748673""]",0,[],120,2,BV,UNIFORM_TERNARY,NORESCALE,STANDARD,HPSPOVERQLEVELED,31,16,1,16,32,16,16,0,0,HEStd_128_classic,False,262967,525405,8416352,4211376,46346240,10.1813,0.0102,37.0788,36.7999,37.2673,77.5081,77.1239,77.6029,67.6504,67.2169,67.9697,3.999,3.9922,4.0652,0.0339,0.0324,0.039,186.1124,185.60180000000003,186.518,236.510057590199,235.3990086759247,238.035375032172,85.9695538824925,85.78260543218349,86.2060605015684,Code/experiments/leveled_jet_comparison/results/leveled-main-v2/024-BFV-native-e16-d1-j16-sequential.json,47d95a423af708860e2f522b43960f4e8844b6ab2e4931944f42bbbd9a39ba2b
1,leveled-main-v2,BFV,packed_terminal,sequential,16,1,16,11,15925532168896819544,7,1792,1.5.1,16.1.0,32,1,0.11142880000079458,65537,8192,1,1,120,120.0,2,"[""1152921504606830593"",""1152921504606748673""]",0,[],120,2,BV,UNIFORM_TERNARY,NORESCALE,STANDARD,HPSPOVERQLEVELED,31,16,264,1,2,1,1,0,0,HEStd_128_classic,False,262967,525405,526022,263211,14442496,10.1819,0.0815,0.5336,0.5229,0.5778,5.2014,5.1462,5.5956,4.871,4.7976,4.9767,0.4815,0.4227,0.5298,0.0142,0.0136,0.0167,11.120899999999999,10.9914,11.537799999999999,3284.746458632724,3214.9818152591074,3335.0008337502086,1438.7324766880379,1386.7461734472777,1455.6835343996215,Code/experiments/leveled_jet_comparison/results/leveled-main-v2/016-BFV-packed_terminal-e16-d1-j16-sequential.json,032b44b556d2d01b0e4682bfb3c62f878f8abdb249e2e8bba47953486c9816c4
1,leveled-main-v2,BGV,native,sequential,16,1,16,11,15925532168896819544,7,1792,1.5.1,16.1.0,32,1,1.2837056000007578,2,8192,1,1,54,53.926331,3,"[""65537"",""2277377"",""114689""]",60,"[""1152921504606830593""]",114,2,HYBRID,UNIFORM_TERNARY,FLEXIBLEAUTOEXT,STANDARD,HPS,31,16,1,16,32,16,16,0,0,HEStd_128_classic,False,394145,1050293,12614048,4210608,52981760,11.6,0.0088,50.0963,49.9219,50.6019,60.3213,60.1226,61.4907,36.0009,35.6609,36.4672,4.8007,4.7408,4.946,0.0339,0.0324,0.0396,151.2689,150.85709999999997,152.4411,444.43333361110416,438.7504387504388,448.67067292188364,105.77190684932593,104.95857088409883,106.06063619146863,Code/experiments/leveled_jet_comparison/results/leveled-main-v2/073-BGV-native-e16-d1-j16-sequential.json,75ab6ae8f8ad6532d2232f40c6ab324d42680ee04c47e64296a838312e41c412
1,leveled-main-v2,BGV,packed_terminal,sequential,16,1,16,11,15925532168896819544,7,1792,1.5.1,16.1.0,32,1,0.10088050000013027,65537,8192,1,1,83,82.807556,3,"[""1073872897"",""68720050177"",""114689""]",120,"[""1152921497895862273"",""1152921422732787713""]",203,2,HYBRID,UNIFORM_TERNARY,FLEXIBLEAUTOEXT,STANDARD,HPS,31,16,264,1,2,1,1,0,0,HEStd_128_classic,False,394153,1312641,788394,263179,16080896,15.1512,0.0759,0.7111,0.7043,0.8855,4.625,4.3794,4.9225,3.1455,3.0272,3.3712,0.576,0.5532,0.7716,0.0144,0.0136,0.0176,9.1801,8.8478,9.4031,5086.631696073756,4746.08448030375,5285.412262156448,1742.9004041350313,1701.5665046633558,1808.359140125229,Code/experiments/leveled_jet_comparison/results/leveled-main-v2/035-BGV-packed_terminal-e16-d1-j16-sequential.json,449143e5e8a28e344cedc63730f46f1118a3fa624eacdeed8e2337dd6e3c2015
1,leveled-main-v2,BFV,native,sequential,16,2,1,11,4478983440050780511,7,112,1.5.1,16.1.0,32,1,0.192098999999871,2,8192,2,2,120,120.0,2,"[""1152921504606830593"",""1152921504606748673""]",0,[],120,2,BV,UNIFORM_TERNARY,NORESCALE,STANDARD,HPSPOVERQLEVELED,46,136,1,1,3,1,2,0,0,HEStd_128_classic,False,262967,525405,789033,263211,16134144,10.0689,0.0039,3.5095,3.4073,3.6457,7.5567,7.5052,7.7997,9.5062,9.4091,9.8123,0.4316,0.3862,0.4903,0.0029,0.0026,0.0033,21.1092,20.8813,21.3256,105.19450463907766,101.91290523118943,106.28009055063714,47.372709529494244,46.89199834940165,47.8897386656961,Code/experiments/leveled_jet_comparison/results/leveled-main-v2/044-BFV-native-e16-d2-j1-sequential.json,ac2abe96ac4980467ed05e966b60d269d6b9ee86c8e1f8746f991787eeecf092
1,leveled-main-v2,BFV,packed_terminal,sequential,16,2,1,11,4478983440050780511,7,112,1.5.1,16.1.0,32,1,0.24319160000050033,65537,8192,2,2,180,180.0,3,"[""1152921504606830593"",""1152921504606748673"",""1152921504606683137""]",0,[],180,3,BV,UNIFORM_TERNARY,NORESCALE,STANDARD,HPSPOVERQLEVELED,46,136,178,1,3,1,2,0,0,HEStd_128_classic,False,394161,1181191,1182615,394461,18833408,16.0352,0.2121,1.0206,0.975,1.1134,10.1113,10.0076,10.4728,15.0598,14.6045,15.3066,0.6204,0.6093,0.7221,0.0025,0.0022,0.003,26.846799999999998,26.495,26.9529,66.4019442489276,65.33129499692943,68.4720462871033,37.248387144836634,37.101758994393926,37.74297037176826,Code/experiments/leveled_jet_comparison/results/leveled-main-v2/077-BFV-packed_terminal-e16-d2-j1-sequential.json,c4d64bf811bb13b171d9f9394fb436e6e895f159c7876b3d3d235788fd4b7c5f
1,leveled-main-v2,BGV,native,sequential,16,2,1,11,4478983440050780511,7,112,1.5.1,16.1.0,32,1,0.2065411999992648,2,8192,2,2,76,75.135785,4,"[""65537"",""2277377"",""2424833"",""114689""]",60,"[""1152921504606830593""]",136,2,HYBRID,UNIFORM_TERNARY,FLEXIBLEAUTOEXT,STANDARD,HPS,46,136,1,1,3,1,2,0,0,HEStd_128_classic,False,525339,1312681,1576149,263219,18980864,13.7518,0.0079,5.9732,5.9378,6.2734,7.8959,7.6952,8.1872,7.729,7.5041,7.9947,0.4136,0.4108,0.4336,0.0033,0.0029,0.0036,22.1372,21.646299999999997,22.444699999999997,129.38284383490748,125.08286739965227,133.26048426859984,45.17283125237157,44.55394814811515,46.19727158913995,Code/experiments/leveled_jet_comparison/results/leveled-main-v2/003-BGV-native-e16-d2-j1-sequential.json,49d8dd6e478d7c92bf7584439c8459ac090980325109b8e87078d6cd07bf6938
1,leveled-main-v2,BGV,packed_terminal,sequential,16,2,1,11,4478983440050780511,7,112,1.5.1,16.1.0,32,1,0.33384450000085053,65537,16384,2,2,123,122.322789,4,"[""2148728833"",""137439510529"",""137439870977"",""163841""]",120,"[""1152921497895862273"",""1152921422732787713""]",243,2,HYBRID,UNIFORM_TERNARY,FLEXIBLEAUTOEXT,STANDARD,HPS,46,136,356,1,3,1,2,0,0,HEStd_128_classic,False,1049627,3147877,3149013,525371,30425088,33.1118,0.2521,2.5111,2.4669,2.5881,15.339,15.0571,16.0214,16.5446,16.4152,17.153,0.8427,0.8184,0.8634,0.0031,0.0025,0.0036,35.24679999999999,35.0531,36.028000000000006,60.442682204465505,58.298839853086925,60.91914810663288,28.371369883223448,27.75618963028755,28.528147296530122,Code/experiments/leveled_jet_comparison/results/leveled-main-v2/079-BGV-packed_terminal-e16-d2-j1-sequential.json,8f1bcb1dcc216a70903cda4df1b54ff184332587ac997e8fbb401cd251efee11
1,leveled-main-v2,BFV,native,sequential,16,2,16,11,11545218267323642647,7,1792,1.5.1,16.1.0,32,1,2.5623131999982434,2,8192,2,2,120,120.0,2,"[""1152921504606830593"",""1152921504606748673""]",0,[],120,2,BV,UNIFORM_TERNARY,NORESCALE,STANDARD,HPSPOVERQLEVELED,46,136,1,16,48,16,32,0,0,HEStd_128_classic,False,262967,525405,12624528,4211376,60284928,10.2109,0.0118,55.9165,55.4922,57.0676,114.9891,114.3897,115.1769,133.8144,132.9795,134.3394,4.0019,3.9547,4.0747,0.0363,0.0349,0.0368,308.97130000000004,307.2753,309.9627,119.56859650381423,119.10132098252633,120.31929733530356,51.78474505560872,51.61911417083411,52.070569941677704,Code/experiments/leveled_jet_comparison/results/leveled-main-v2/061-BFV-native-e16-d2-j16-sequential.json,96e2da6027ed67bf6fda445208791c8362de7cb0db01cedd14424a4d214f0956
1,leveled-main-v2,BFV,packed_terminal,sequential,16,2,16,11,11545218267323642647,7,1792,1.5.1,16.1.0,32,1,0.24787790000118548,65537,8192,2,2,180,180.0,3,"[""1152921504606830593"",""1152921504606748673"",""1152921504606683137""]",0,[],180,3,BV,UNIFORM_TERNARY,NORESCALE,STANDARD,HPSPOVERQLEVELED,46,136,178,1,3,1,2,0,0,HEStd_128_classic,False,394161,1181191,1182615,394461,18898944,16.0203,0.22,1.0327,1.0122,1.0844,10.303,10.1327,10.9263,15.2202,14.9344,15.4606,0.65,0.6363,0.7013,0.0208,0.0204,0.0217,27.2503,27.072600000000005,27.7455,1051.2345435671016,1034.8886847858428,1071.3520462824083,587.1494992715677,576.6700906453299,591.0034499826392,Code/experiments/leveled_jet_comparison/results/leveled-main-v2/080-BFV-packed_terminal-e16-d2-j16-sequential.json,8c75fd194533d8eb3018b619e96ded9454ff3f14db3fb22e89b79b1a7737b602
1,leveled-main-v2,BGV,native,sequential,16,2,16,11,11545218267323642647,7,1792,1.5.1,16.1.0,32,1,2.6486072999996395,2,8192,2,2,76,75.135785,4,"[""65537"",""2277377"",""2424833"",""114689""]",60,"[""1152921504606830593""]",136,2,HYBRID,UNIFORM_TERNARY,FLEXIBLEAUTOEXT,STANDARD,HPS,46,136,1,16,48,16,32,0,0,HEStd_128_classic,False,525339,1312681,25218384,4211504,81113088,13.8731,0.0154,95.7478,94.8905,155.4,105.5894,104.3756,106.6621,105.4691,105.017,106.3542,4.7125,4.6528,4.7539,0.036,0.0352,0.0389,311.5888,309.6565,373.2075,151.70320027382428,150.44069721741124,152.35628517287677,51.349727589695135,42.87159288063611,51.670157093424486,Code/experiments/leveled_jet_comparison/results/leveled-main-v2/007-BGV-native-e16-d2-j16-sequential.json,d8c65a52e1c482bc85cd85b4fee2bdd8fc6fe69ca0cfa3d3e3b08e0108b1fe8f
1,leveled-main-v2,BGV,packed_terminal,sequential,16,2,16,11,11545218267323642647,7,1792,1.5.1,16.1.0,32,1,0.3428882000007434,65537,16384,2,2,123,122.322789,4,"[""2148728833"",""137439510529"",""137439870977"",""163841""]",120,"[""1152921497895862273"",""1152921422732787713""]",243,2,HYBRID,UNIFORM_TERNARY,FLEXIBLEAUTOEXT,STANDARD,HPS,46,136,356,1,3,1,2,0,0,HEStd_128_classic,False,1049627,3147877,3149013,525371,30449664,34.1064,0.2247,2.6096,2.5616,2.7654,15.548,15.3939,16.0804,16.9167,16.578,17.3411,0.8877,0.8587,0.9296,0.0208,0.0204,0.0216,36.207,35.4951,36.5797,945.8109442148883,922.6634988553205,965.134515623115,441.90349932333527,437.40107217937816,450.766443819006,Code/experiments/leveled_jet_comparison/results/leveled-main-v2/032-BGV-packed_terminal-e16-d2-j16-sequential.json,db0cdec7089b3dcb7c5bbc602b85ab27ddbb9e88100484c1fc73b9ecf2e3be61
1,leveled-main-v2,BFV,native,balanced,16,4,1,11,17779470904898904672,7,112,1.5.1,16.1.0,32,1,0.4792610999993485,2,8192,4,3,180,180.0,3,"[""1152921504606830593"",""1152921504606748673"",""1152921504606683137""]",0,[],180,3,BV,UNIFORM_TERNARY,NORESCALE,STANDARD,HPSPOVERQLEVELED,76,3876,1,1,5,1,4,0,0,HEStd_128_classic,False,394161,1181191,1971025,394461,22208512,15.8122,0.0079,7.8347,7.6728,8.0208,16.4632,16.2643,16.7628,30.7967,30.4904,31.0207,0.615,0.5728,0.6963,0.0036,0.0031,0.0041,55.82030000000001,55.057199999999995,56.1177,32.47101150447938,32.23653882729919,32.79720830162936,17.914629623989835,17.819689687923773,18.162928735932812,Code/experiments/leveled_jet_comparison/results/leveled-main-v2/063-BFV-native-e16-d4-j1-balanced.json,e835f496e44b88c890c89b61eb33ab0652584657aabed06c95ca559d7b6b9079
1,leveled-main-v2,BFV,packed_terminal,balanced,16,4,1,11,17779470904898904672,7,112,1.5.1,16.1.0,32,1,1.1035940999990999,65537,16384,4,3,240,240.0,4,"[""1152921504606748673"",""1152921504606683137"",""1152921504606584833"",""1152921504605962241""]",0,[],240,4,BV,UNIFORM_TERNARY,NORESCALE,STANDARD,HPSPOVERQLEVELED,76,3876,215,1,5,1,4,0,0,HEStd_128_classic,False,1049643,4196405,5248435,1049807,42110976,45.2412,0.8768,4.1445,4.1257,4.2528,41.73,41.4393,42.2296,81.7224,80.4509,82.36,1.6357,1.5059,1.7763,0.0041,0.0034,0.0043,129.5645,128.0643,129.77970000000002,12.236547140074203,12.141816415735795,12.42994174086306,7.718163540167252,7.705365322928007,7.808577409941725,Code/experiments/leveled_jet_comparison/results/leveled-main-v2/056-BFV-packed_terminal-e16-d4-j1-balanced.json,69604c772d0feecfc8e0aad5dee91f50c5ac204815ccb965131c662cdeca8b31
1,leveled-main-v2,BGV,native,balanced,16,4,1,11,17779470904898904672,7,112,1.5.1,16.1.0,32,1,0.5010184000002482,2,8192,4,3,118,117.770257,6,"[""65537"",""2277377"",""2424833"",""2572289"",""2654209"",""114689""]",60,"[""1152921504606830593""]",178,3,HYBRID,UNIFORM_TERNARY,FLEXIBLEAUTOEXT,STANDARD,HPS,76,3876,1,1,5,1,4,0,0,HEStd_128_classic,False,787711,2755431,3938775,394461,28581888,21.6575,0.0088,14.8324,14.2149,15.3036,16.9591,16.223,17.1818,25.4205,24.9509,25.7926,0.6115,0.5574,0.6648,0.0035,0.0034,0.004,57.424499999999995,56.4758,58.6436,39.33832930115458,38.770810232392236,40.07871459546549,17.414169910055815,17.052159144390863,17.70669915255738,Code/experiments/leveled_jet_comparison/results/leveled-main-v2/027-BGV-native-e16-d4-j1-balanced.json,bf51070479fb23953d8e03aff7987511e066d4215cef84d9c3114e363a5fc79b
1,leveled-main-v2,BGV,packed_terminal,balanced,16,4,1,11,17779470904898904672,7,112,1.5.1,16.1.0,32,1,0.8615872999998828,65537,16384,4,3,197,196.322815,6,"[""2148728833"",""137439510529"",""137439870977"",""137440198657"",""137440264193"",""163841""]",120,"[""1152921497895862273"",""1152921422732787713""]",317,3,HYBRID,UNIFORM_TERNARY,FLEXIBLEAUTOEXT,STANDARD,HPS,76,3876,215,1,5,1,4,0,0,HEStd_128_classic,False,1574159,6294653,7871015,787701,48607232,54.5785,0.8984,5.9793,5.8708,6.0031,33.876,32.841,39.3723,55.565,53.354,56.8375,1.364,1.3279,1.4116,0.0039,0.0038,0.0041,96.55839999999999,94.38759999999999,103.6172,17.996940520111583,17.594018033868487,18.74273718933913,10.356426784205206,9.65090737831171,10.594612004119186,Code/experiments/leveled_jet_comparison/results/leveled-main-v2/059-BGV-packed_terminal-e16-d4-j1-balanced.json,4ecb0b2c0befc3bc96e21ef492fc30269c97f249b45c2e109ffd290f25093e43
1,leveled-main-v2,BFV,native,sequential,16,4,1,11,17779470904898904672,7,112,1.5.1,16.1.0,32,1,0.4640034999993077,2,8192,4,4,180,180.0,3,"[""1152921504606830593"",""1152921504606748673"",""1152921504606683137""]",0,[],180,3,BV,UNIFORM_TERNARY,NORESCALE,STANDARD,HPSPOVERQLEVELED,76,3876,1,1,5,1,4,0,0,HEStd_128_classic,False,394161,1181191,1971025,394285,21884928,16.1257,0.0048,7.9858,7.8137,8.2237,16.4563,16.3576,16.8032,28.4261,27.9799,29.1128,0.6431,0.4852,0.7171,0.0033,0.003,0.0041,53.528200000000005,53.0833,54.3034,35.17893766644035,34.34915226292215,35.73994188685449,18.681741586677674,18.415053201088696,18.83831638198831,Code/experiments/leveled_jet_comparison/results/leveled-main-v2/050-BFV-native-e16-d4-j1-sequential.json,5ea16365166c625e61638043aaae02acef641710244468886d5f16817f342b42
1,leveled-main-v2,BFV,packed_terminal,sequential,16,4,1,11,17779470904898904672,7,112,1.5.1,16.1.0,32,1,1.0527774000001955,65537,16384,4,4,240,240.0,4,"[""1152921504606748673"",""1152921504606683137"",""1152921504606584833"",""1152921504605962241""]",0,[],240,4,BV,UNIFORM_TERNARY,NORESCALE,STANDARD,HPSPOVERQLEVELED,76,3876,215,1,5,1,4,0,0,HEStd_128_classic,False,1049643,4196405,5248435,1049807,41054208,44.1143,0.8926,4.1388,4.0911,4.1667,41.8795,40.9887,42.0748,76.0221,75.5853,76.4983,1.5821,1.3615,1.7792,0.0044,0.0038,0.0049,123.4834,122.0788,124.27289999999999,13.154069671845425,13.072185917856999,13.230085744185708,8.09825450222459,8.046806665009026,8.191430453117167,Code/experiments/leveled_jet_comparison/results/leveled-main-v2/046-BFV-packed_terminal-e16-d4-j1-sequential.json,a8df60285fb0385f7bf17b9caf981b154fd2c85ffcd1844f5fabcec7409decfd
1,leveled-main-v2,BGV,native,sequential,16,4,1,11,17779470904898904672,7,112,1.5.1,16.1.0,32,1,0.4795525000008638,2,8192,4,4,118,117.770257,6,"[""65537"",""2277377"",""2424833"",""2572289"",""2654209"",""114689""]",60,"[""1152921504606830593""]",178,2,HYBRID,UNIFORM_TERNARY,FLEXIBLEAUTOEXT,STANDARD,HPS,76,3876,1,1,5,1,4,0,0,HEStd_128_classic,False,787711,2755431,3938775,263315,27901952,20.9312,0.0081,14.4782,14.1613,14.8348,16.976,16.3558,17.2845,22.9609,22.4977,23.5014,0.4129,0.3719,0.5061,0.0036,0.0033,0.0037,54.6022,54.090199999999996,55.80460000000001,43.552299779189845,42.55065655663067,44.44898811878548,18.314280376981145,17.919669704648,18.487637316926172,Code/experiments/leveled_jet_comparison/results/leveled-main-v2/068-BGV-native-e16-d4-j1-sequential.json,7087b8c8a7d21e7716fe83fa1c5d8dca07f34024d0c1f9ac2953bab29168fd47
1,leveled-main-v2,BGV,packed_terminal,sequential,16,4,1,11,17779470904898904672,7,112,1.5.1,16.1.0,32,1,0.8052853999997751,65537,16384,4,4,197,196.322815,6,"[""2148728833"",""137439510529"",""137439870977"",""137440198657"",""137440264193"",""163841""]",120,"[""1152921497895862273"",""1152921422732787713""]",317,2,HYBRID,UNIFORM_TERNARY,FLEXIBLEAUTOEXT,STANDARD,HPS,76,3876,215,1,5,1,4,0,0,HEStd_128_classic,False,1574159,6294653,7871015,525483,47312896,54.4929,0.8938,5.8856,5.7836,6.0134,33.7667,33.3928,35.4377,49.4137,49.0817,50.6474,0.8928,0.8426,0.9282,0.0039,0.0031,0.0118,89.92110000000001,89.22219999999999,92.8664,20.237302610409664,19.744350154203374,20.374192417948034,11.120860398727327,10.76815726678325,11.207972903604709,Code/experiments/leveled_jet_comparison/results/leveled-main-v2/038-BGV-packed_terminal-e16-d4-j1-sequential.json,e42cd8f70f3c17ffd44d5004891fd178997b17c800e3a7425f4bc3f6e8bf2df6
1,leveled-main-v2,BFV,native,balanced,16,4,16,11,17428839451115559483,7,1792,1.5.1,16.1.0,32,1,6.812558100000388,2,8192,4,3,180,180.0,3,"[""1152921504606830593"",""1152921504606748673"",""1152921504606683137""]",0,[],180,3,BV,UNIFORM_TERNARY,NORESCALE,STANDARD,HPSPOVERQLEVELED,76,3876,1,16,80,16,64,0,0,HEStd_128_classic,False,394161,1181191,31536400,6311376,108220416,15.9623,0.0188,135.5664,125.9613,138.5993,263.6788,245.7208,283.8968,445.0569,421.716,454.5592,5.6782,5.365,5.7503,0.0395,0.0378,0.0518,853.3322000000001,799.6232,876.723,35.9504593682291,35.198935584187936,37.940225175236414,18.750024902376822,18.24977786598504,20.009424438910727,Code/experiments/leveled_jet_comparison/results/leveled-main-v2/054-BFV-native-e16-d4-j16-balanced.json,bca70e0749811f5786f1c79792f3ee5503386a081f6000c0fcff5bb455d36150
1,leveled-main-v2,BFV,packed_terminal,balanced,16,4,16,11,17428839451115559483,7,1792,1.5.1,16.1.0,32,1,1.1226500000011583,65537,16384,4,3,240,240.0,4,"[""1152921504606748673"",""1152921504606683137"",""1152921504606584833"",""1152921504605962241""]",0,[],240,4,BV,UNIFORM_TERNARY,NORESCALE,STANDARD,HPSPOVERQLEVELED,76,3876,215,1,5,1,4,0,0,HEStd_128_classic,False,1049643,4196405,5248435,1049807,42102784,45.0603,0.8999,4.2979,4.2437,4.3767,42.3264,42.1639,43.6977,82.4721,81.7398,84.2984,1.5851,1.426,1.9728,0.0335,0.0327,0.0338,130.8191,130.3436,133.61640000000003,194.0050029040124,189.80194167386333,195.74307742372747,122.30629930950451,119.74577970967633,122.75247883286943,Code/experiments/leveled_jet_comparison/results/leveled-main-v2/022-BFV-packed_terminal-e16-d4-j16-balanced.json,567c275855979601d74f6975c72f5549fd8d819567609955aaf6e09c64656a40
1,leveled-main-v2,BGV,native,balanced,16,4,16,11,17428839451115559483,7,1792,1.5.1,16.1.0,32,1,7.157108400000652,2,8192,4,3,118,117.770257,6,"[""65537"",""2277377"",""2424833"",""2572289"",""2654209"",""114689""]",60,"[""1152921504606830593""]",178,3,HYBRID,UNIFORM_TERNARY,FLEXIBLEAUTOEXT,STANDARD,HPS,76,3876,1,16,80,16,64,0,0,HEStd_128_classic,False,787711,2755431,63020400,6311376,161406976,21.3614,0.0232,254.7255,224.3536,312.3947,237.8236,220.6991,290.649,372.0131,347.1027,394.3362,7.9332,7.4199,10.2955,0.0394,0.0389,0.0606,894.8464,799.6204,923.1751999999999,43.00923811553948,40.5745148429183,46.095867303826786,17.880163567736318,17.331488107566148,20.00949450514269,Code/experiments/leveled_jet_comparison/results/leveled-main-v2/008-BGV-native-e16-d4-j16-balanced.json,2814b3238b8a176656668642138d28ca7c677aab3013122f51045d88a11e0706
1,leveled-main-v2,BGV,packed_terminal,balanced,16,4,16,11,17428839451115559483,7,1792,1.5.1,16.1.0,32,1,0.8558228000001691,65537,16384,4,3,197,196.322815,6,"[""2148728833"",""137439510529"",""137439870977"",""137440198657"",""137440264193"",""163841""]",120,"[""1152921497895862273"",""1152921422732787713""]",317,3,HYBRID,UNIFORM_TERNARY,FLEXIBLEAUTOEXT,STANDARD,HPS,76,3876,215,1,5,1,4,0,0,HEStd_128_classic,False,1574159,6294653,7871015,787701,48685056,54.2569,0.9026,6.0326,5.953,6.1926,33.9928,33.5531,36.1427,54.4317,53.8327,56.4661,1.371,1.342,1.4655,0.0335,0.0332,0.0399,96.2875,94.83630000000001,98.90780000000001,293.9463584639098,283.3558542204969,297.21711896300945,166.1690250551733,161.76681717720948,168.7117696493853,Code/experiments/leveled_jet_comparison/results/leveled-main-v2/026-BGV-packed_terminal-e16-d4-j16-balanced.json,2102d7976359d1f2938527545ec4d573a05519aa5f48a4d9d591e28d1b926f12
1,leveled-main-v2,BFV,native,sequential,16,4,16,11,17428839451115559483,7,1792,1.5.1,16.1.0,32,1,6.554134999998496,2,8192,4,4,180,180.0,3,"[""1152921504606830593"",""1152921504606748673"",""1152921504606683137""]",0,[],180,3,BV,UNIFORM_TERNARY,NORESCALE,STANDARD,HPSPOVERQLEVELED,76,3876,1,16,80,16,64,0,0,HEStd_128_classic,False,394161,1181191,31536400,6308560,107851776,16.2646,0.0188,135.6768,125.7275,137.7504,262.7622,245.1225,283.8135,415.0204,387.1096,427.343,5.6946,5.3688,5.803,0.0395,0.0385,0.0409,821.9400999999999,766.8995,853.6145999999999,38.552321765387916,37.44065071850949,41.33196386759719,19.46613871254122,18.74382186059142,20.863229145409537,Code/experiments/leveled_jet_comparison/results/leveled-main-v2/062-BFV-native-e16-d4-j16-sequential.json,e756f397af214e9220ed70de0d5093849205dcc1e59ec75be7fb0e283353061b
1,leveled-main-v2,BFV,packed_terminal,sequential,16,4,16,11,17428839451115559483,7,1792,1.5.1,16.1.0,32,1,1.0659484999996494,65537,16384,4,4,240,240.0,4,"[""1152921504606748673"",""1152921504606683137"",""1152921504606584833"",""1152921504605962241""]",0,[],240,4,BV,UNIFORM_TERNARY,NORESCALE,STANDARD,HPSPOVERQLEVELED,76,3876,215,1,5,1,4,0,0,HEStd_128_classic,False,1049643,4196405,5248435,1049807,41054208,45.3458,1.0015,4.3506,4.1989,4.4226,41.9451,41.5781,42.379,76.3819,75.851,76.8006,1.5327,1.48,1.5632,0.0336,0.0331,0.034,124.3221,123.7933,124.81670000000001,209.47371039474012,208.33170574188222,210.9398689536064,128.69795474819037,128.18797484631463,129.24770565127514,Code/experiments/leveled_jet_comparison/results/leveled-main-v2/011-BFV-packed_terminal-e16-d4-j16-sequential.json,b180ac7e6ec9887c7059193997ddbb89f3fde59cb79f51fd88eca655cc656206
1,leveled-main-v2,BGV,native,sequential,16,4,16,11,17428839451115559483,7,1792,1.5.1,16.1.0,32,1,6.888126200001352,2,8192,4,4,118,117.770257,6,"[""65537"",""2277377"",""2424833"",""2572289"",""2654209"",""114689""]",60,"[""1152921504606830593""]",178,2,HYBRID,UNIFORM_TERNARY,FLEXIBLEAUTOEXT,STANDARD,HPS,76,3876,1,16,80,16,64,0,0,HEStd_128_classic,False,787711,2755431,63020400,4213040,158851072,21.7968,0.0217,254.6935,228.0778,340.7181,237.6578,219.6445,254.1286,341.2726,326.4043,382.6637,5.0859,4.8762,5.884,0.0391,0.0379,0.04,852.4667,784.8407000000001,924.8839,46.88334193838005,41.812170843484765,49.01896206636984,18.76906159501597,17.299468614385006,20.38630259618289,Code/experiments/leveled_jet_comparison/results/leveled-main-v2/043-BGV-native-e16-d4-j16-sequential.json,c82e6c79874a7978b8c01baf6b5aa37009599426bd9ea30e851864c2039192e1
1,leveled-main-v2,BGV,packed_terminal,sequential,16,4,16,11,17428839451115559483,7,1792,1.5.1,16.1.0,32,1,0.7991916999999376,65537,16384,4,4,197,196.322815,6,"[""2148728833"",""137439510529"",""137439870977"",""137440198657"",""137440264193"",""163841""]",120,"[""1152921497895862273"",""1152921422732787713""]",317,2,HYBRID,UNIFORM_TERNARY,FLEXIBLEAUTOEXT,STANDARD,HPS,76,3876,215,1,5,1,4,0,0,HEStd_128_classic,False,1574159,6294653,7871015,525483,47325184,52.8349,0.8964,5.9965,5.8573,6.0101,33.6861,32.149,35.3852,49.1301,48.5753,49.5729,0.889,0.8675,0.9205,0.033,0.0322,0.0338,89.8499,88.2144,90.8822,325.66593595372285,322.75699021037707,329.3855107431143,178.07476691682461,176.0520762041412,181.37628323720392,Code/experiments/leveled_jet_comparison/results/leveled-main-v2/070-BGV-packed_terminal-e16-d4-j16-sequential.json,a2a32d686d1dcd158f987d75c66a791929d008baa38ab79843792022f47b9755
2,leveled-capacity-v1,BFV,native,sequential,16,4,215,11,8891022791328230482,7,24080,1.5.1,16.1.0,32,1,94.47157750000042,2,8192,4,4,180,180.0,3,"[""1152921504606830593"",""1152921504606748673"",""1152921504606683137""]",0,[],180,3,BV,UNIFORM_TERNARY,NORESCALE,STANDARD,HPSPOVERQLEVELED,76,3876,1,215,1075,215,860,0,0,HEStd_128_classic,False,394161,1181191,423770375,84771275,1275248640,15.9103,0.1339,1849.6252,1691.6178,2345.1703,3719.5037,3349.2377,4013.8134,5641.984,5479.6341,7222.4993,95.0687,93.6235,115.6584,0.7002,0.6595,0.8898,11297.516200000002,10653.3508,13170.521,38.107162303189796,29.768088727955984,39.23619644603642,19.030731728448416,16.324335233207552,20.181443757582826,Code/experiments/leveled_jet_comparison/results/leveled-capacity-v1/004-BFV-native-e16-d4-j215-sequential.json,d09fa4f2511705dfc50e3851e812826b9cf7bed2b519497ef3ed00034c50cc5a
2,leveled-capacity-v1,BFV,packed_terminal,sequential,16,4,215,11,8891022791328230482,7,24080,1.5.1,16.1.0,32,1,1.0791246999997384,65537,16384,4,4,240,240.0,4,"[""1152921504606748673"",""1152921504606683137"",""1152921504606584833"",""1152921504605962241""]",0,[],240,4,BV,UNIFORM_TERNARY,NORESCALE,STANDARD,HPSPOVERQLEVELED,76,3876,215,1,5,1,4,0,0,HEStd_128_classic,False,1049643,4196405,5248435,1049807,41615360,44.5778,1.0126,5.6675,5.5474,5.8096,41.7993,41.5049,42.4777,76.3289,75.9606,77.312,1.7761,1.5979,1.8701,0.4133,0.4104,0.4196,125.94439999999999,125.41890000000001,127.2654,2816.7574798012283,2780.9395695364237,2830.4147149969854,1707.102499198059,1689.3829744769591,1714.2551880139276,Code/experiments/leveled_jet_comparison/results/leveled-capacity-v1/001-BFV-packed_terminal-e16-d4-j215-sequential.json,30a15829efb925fc5aee5ed6f2242d229536cd583ad79178ba999bd245c3959e
2,leveled-capacity-v1,BGV,native,sequential,16,4,215,11,8891022791328230482,7,24080,1.5.1,16.1.0,32,1,118.40541719999965,2,8192,4,4,118,117.770257,6,"[""65537"",""2277377"",""2424833"",""2572289"",""2654209"",""114689""]",60,"[""1152921504606830593""]",178,2,HYBRID,UNIFORM_TERNARY,FLEXIBLEAUTOEXT,STANDARD,HPS,76,3876,1,215,1075,215,860,0,0,HEStd_128_classic,False,787711,2755431,846836625,56612725,1920786432,22.3699,0.2217,3310.2465,3032.1987,3402.631,4115.6694,3866.7395,4341.2426,6604.6392,6198.3838,7525.7081,126.342,122.9194,131.9501,0.6827,0.6724,0.8139,14245.0374,13220.916700000002,15288.8729,32.55287586337798,28.56874026246115,34.686461332065306,15.09297546667024,14.062514706365306,16.26210987321325,Code/experiments/leveled_jet_comparison/results/leveled-capacity-v1/003-BGV-native-e16-d4-j215-sequential.json,bddd017c5a846baa83722568ec5c420772181332fbb2fcc70a4b309a961f906a
2,leveled-capacity-v1,BGV,packed_terminal,sequential,16,4,215,11,8891022791328230482,7,24080,1.5.1,16.1.0,32,1,0.8395046000005095,65537,16384,4,4,197,196.322815,6,"[""2148728833"",""137439510529"",""137439870977"",""137440198657"",""137440264193"",""163841""]",120,"[""1152921497895862273"",""1152921422732787713""]",317,2,HYBRID,UNIFORM_TERNARY,FLEXIBLEAUTOEXT,STANDARD,HPS,76,3876,215,1,5,1,4,0,0,HEStd_128_classic,False,1574159,6294653,7871015,525483,47767552,54.6023,1.0753,7.6211,7.551,7.6826,35.2892,34.3577,36.011,50.2846,49.6678,51.528,1.0108,0.983,1.0898,0.4172,0.4144,0.4265,94.6235,93.0802,96.4805,4275.66292662167,4172.488743983854,4328.760283322394,2272.162834813762,2228.4295790341052,2309.8360338718653,Code/experiments/leveled_jet_comparison/results/leveled-capacity-v1/002-BGV-packed_terminal-e16-d4-j215-sequential.json,3af490584ebbfaae1926ed667bc80543056b208eb16d2764707ae9f81c5aa036
3,leveled-seed-control-v1,BFV,native,balanced,16,4,16,29,3070595450285751536,7,1792,1.5.1,16.1.0,32,1,6.8389250000000175,2,8192,4,3,180,180.0,3,"[""1152921504606830593"",""1152921504606748673"",""1152921504606683137""]",0,[],180,3,BV,UNIFORM_TERNARY,NORESCALE,STANDARD,HPSPOVERQLEVELED,76,3876,1,16,80,16,64,0,0,HEStd_128_classic,False,394161,1181191,31536400,6311376,108400640,15.8408,0.0187,133.5205,127.3269,147.996,264.5387,248.7759,275.1631,444.2747,422.5895,456.8306,5.6487,5.4329,6.966,0.0394,0.0385,0.0581,851.0373000000001,807.3962,877.5600000000001,36.01375455320773,35.023923528765366,37.86180205613249,18.800586061268994,18.232371575732714,19.816788833041326,Code/experiments/leveled_jet_comparison/results/leveled-seed-control-v1/006-BFV-native-e16-d4-j16-balanced.json,23e41299e0ca05ba80f4d8cfece71bcf553001fe913fff0f293b20ba28e081a4
3,leveled-seed-control-v1,BFV,packed_terminal,balanced,16,4,16,29,3070595450285751536,7,1792,1.5.1,16.1.0,32,1,1.0972020999997767,65537,16384,4,3,240,240.0,4,"[""1152921504606748673"",""1152921504606683137"",""1152921504606584833"",""1152921504605962241""]",0,[],240,4,BV,UNIFORM_TERNARY,NORESCALE,STANDARD,HPSPOVERQLEVELED,76,3876,215,1,5,1,4,0,0,HEStd_128_classic,False,1049643,4196405,5248435,1049807,42192896,44.5298,0.8883,4.2501,4.1572,4.342,41.9075,41.1925,42.6397,80.9754,79.9098,81.9555,1.5971,1.4126,1.9549,0.0324,0.0323,0.0335,128.9605,127.52020000000002,129.6958,197.59087327756333,195.2278980666337,200.22575453824186,124.06899787144125,123.36559857759465,125.47031764379288,Code/experiments/leveled_jet_comparison/results/leveled-seed-control-v1/005-BFV-packed_terminal-e16-d4-j16-balanced.json,b0e744dfe5828674d113c6f20b742f2931c04905e32a21585753dff7abef29be
3,leveled-seed-control-v1,BGV,native,balanced,16,4,16,29,3070595450285751536,7,1792,1.5.1,16.1.0,32,1,6.938141900000119,2,8192,4,3,118,117.770257,6,"[""65537"",""2277377"",""2424833"",""2572289"",""2654209"",""114689""]",60,"[""1152921504606830593""]",178,3,HYBRID,UNIFORM_TERNARY,FLEXIBLEAUTOEXT,STANDARD,HPS,76,3876,1,16,80,16,64,0,0,HEStd_128_classic,False,787711,2755431,63020400,6311376,161542144,21.219,0.0202,243.2047,222.1476,252.5801,237.1683,219.3844,245.4159,381.0125,342.9576,395.491,7.8506,7.2893,8.083,0.0394,0.0373,0.0407,865.6802,795.8645,889.3152,41.99337292083593,40.45604071900499,46.6529973384465,18.482575898120345,17.99137133830615,20.103924725879846,Code/experiments/leveled_jet_comparison/results/leveled-seed-control-v1/003-BGV-native-e16-d4-j16-balanced.json,dcadd786ee5d8af48e2c09519aeb3b5847836bd2bf94f3c25ff5e07f89be2b11
3,leveled-seed-control-v1,BGV,packed_terminal,balanced,16,4,16,29,3070595450285751536,7,1792,1.5.1,16.1.0,32,1,0.8549557999995159,65537,16384,4,3,197,196.322815,6,"[""2148728833"",""137439510529"",""137439870977"",""137440198657"",""137440264193"",""163841""]",120,"[""1152921497895862273"",""1152921422732787713""]",317,3,HYBRID,UNIFORM_TERNARY,FLEXIBLEAUTOEXT,STANDARD,HPS,76,3876,215,1,5,1,4,0,0,HEStd_128_classic,False,1574159,6294653,7871015,787701,48746496,54.3214,0.9031,5.9796,5.9498,6.0981,33.8719,33.5691,35.3315,54.9265,53.5148,55.1046,1.3991,1.3373,1.4264,0.0329,0.0325,0.0342,96.2972,94.7248,97.3465,291.29837146004206,290.3568849061603,298.9827113247176,166.15228687853852,164.36132783407723,168.91035927233418,Code/experiments/leveled_jet_comparison/results/leveled-seed-control-v1/001-BGV-packed_terminal-e16-d4-j16-balanced.json,7753815934f01160fd83ee4ec790bbdb8e8b59436b07d31f982e8fbcb49bb421
3,leveled-seed-control-v1,BFV,native,sequential,16,4,16,29,3070595450285751536,7,1792,1.5.1,16.1.0,32,1,6.577016100000037,2,8192,4,4,180,180.0,3,"[""1152921504606830593"",""1152921504606748673"",""1152921504606683137""]",0,[],180,3,BV,UNIFORM_TERNARY,NORESCALE,STANDARD,HPSPOVERQLEVELED,76,3876,1,16,80,16,64,0,0,HEStd_128_classic,False,394161,1181191,31536400,6308560,107864064,15.7079,0.0182,134.4321,124.3585,140.8581,263.2776,242.8642,271.4808,416.763,383.2922,443.9874,5.7276,5.3024,5.8742,0.0384,0.0374,0.041,830.7837999999999,756.6951,855.7936000000001,38.39112397213764,36.03705870932374,41.743609705597976,19.25892151483936,18.69609681586775,21.14457989750429,Code/experiments/leveled_jet_comparison/results/leveled-seed-control-v1/008-BFV-native-e16-d4-j16-sequential.json,7be55af06906dad2d6cabb13c33dd9626577b0f5718a9804243455b67b601317
3,leveled-seed-control-v1,BFV,packed_terminal,sequential,16,4,16,29,3070595450285751536,7,1792,1.5.1,16.1.0,32,1,1.0494963000001007,65537,16384,4,4,240,240.0,4,"[""1152921504606748673"",""1152921504606683137"",""1152921504606584833"",""1152921504605962241""]",0,[],240,4,BV,UNIFORM_TERNARY,NORESCALE,STANDARD,HPSPOVERQLEVELED,76,3876,215,1,5,1,4,0,0,HEStd_128_classic,False,1049643,4196405,5248435,1049807,41156608,43.9101,0.8919,4.25,4.2053,4.346,41.5903,40.7398,42.1528,75.3762,74.5399,75.655,1.5679,1.3917,1.7186,0.0325,0.0322,0.0365,122.47789999999999,121.3094,123.7885,212.2685940655008,211.48635252131385,214.65014039460743,130.63581266497874,129.25271733642464,131.89414835124072,Code/experiments/leveled_jet_comparison/results/leveled-seed-control-v1/002-BFV-packed_terminal-e16-d4-j16-sequential.json,73f8355c292b73f2df0ee3f6e747b965073706e206008f3a602d16f893905d61
3,leveled-seed-control-v1,BGV,native,sequential,16,4,16,29,3070595450285751536,7,1792,1.5.1,16.1.0,32,1,6.81208819999847,2,8192,4,4,118,117.770257,6,"[""65537"",""2277377"",""2424833"",""2572289"",""2654209"",""114689""]",60,"[""1152921504606830593""]",178,2,HYBRID,UNIFORM_TERNARY,FLEXIBLEAUTOEXT,STANDARD,HPS,76,3876,1,16,80,16,64,0,0,HEStd_128_classic,False,787711,2755431,63020400,4213040,159027200,21.0625,0.0197,246.9559,220.8826,317.3075,238.0928,220.2693,249.2863,340.9236,318.9254,376.767,5.0887,4.804,5.8316,0.0386,0.0369,0.0482,836.1706,766.6211999999999,886.3539999999999,46.93133593567591,42.4665642160805,50.168472000035116,19.134851189458228,18.051478303251297,20.870802946748668,Code/experiments/leveled_jet_comparison/results/leveled-seed-control-v1/007-BGV-native-e16-d4-j16-sequential.json,a89065efcde02b03c670eec02e6b12c6521994fc5eb46f30a6edccedf3da1f7c
3,leveled-seed-control-v1,BGV,packed_terminal,sequential,16,4,16,29,3070595450285751536,7,1792,1.5.1,16.1.0,32,1,0.7909734000004391,65537,16384,4,4,197,196.322815,6,"[""2148728833"",""137439510529"",""137439870977"",""137440198657"",""137440264193"",""163841""]",120,"[""1152921497895862273"",""1152921422732787713""]",317,2,HYBRID,UNIFORM_TERNARY,FLEXIBLEAUTOEXT,STANDARD,HPS,76,3876,215,1,5,1,4,0,0,HEStd_128_classic,False,1574159,6294653,7871015,525483,47415296,52.8163,0.8759,5.8981,5.796,6.048,33.6198,32.5066,33.7918,48.4371,48.3004,49.2349,0.8623,0.8494,0.9434,0.033,0.0324,0.0338,88.8493,87.5223,89.8326,330.32530849287014,324.97273275664213,331.26019660292667,180.08020322050933,178.1090606305506,182.8105522821041,Code/experiments/leveled_jet_comparison/results/leveled-seed-control-v1/004-BGV-packed_terminal-e16-d4-j16-sequential.json,284c6882a87d3394a26e3c062c92a30e4cd914198d3ba45e476ea06bd5e82208
