campaign,arm,setup_id,state,seconds,first_use_seconds,input_bytes,output_bytes,public_bytes,peak_rss_MiB,encryption_seconds,evaluation_seconds,recipient_seconds,receipt_sha256,output_sha256
openfhe_composition,native,0,cold,4.87822560699999,10.391697584999974,143655584,2097280,586156560,809.9453125,2.6243067139999994,2.0080997249999655,0.034549154999922393,3fde84e18f8d4881c558246055fc574da0d7a3cf1969a3b95b07584e396d9fb6,d22a60188ba884b10626ae52a2902f003cc2535294053979c417c39be68fbda3
openfhe_composition,native,0,warm,4.817546206000088,10.391697584999974,143655584,2097280,586156560,809.9453125,2.612741466999978,1.9612620789999937,0.03424359900009222,3fde84e18f8d4881c558246055fc574da0d7a3cf1969a3b95b07584e396d9fb6,d22a60188ba884b10626ae52a2902f003cc2535294053979c417c39be68fbda3
openfhe_composition,summed-bsgs,1,cold,15.852753543,16.012712741,1707111384,4202584,42745683,78.9296875,8.183012493,5.980892287,0.008836059,18e029d6af573442d207c02830e8cc2f86d97d31e0a62f318addc476e526fda8,d22a60188ba884b10626ae52a2902f003cc2535294053979c417c39be68fbda3
openfhe_composition,summed-bsgs,1,warm,15.795135621,16.012712741,1707111384,4202584,42745683,78.9296875,8.154843841,5.960417066,0.008619029,18e029d6af573442d207c02830e8cc2f86d97d31e0a62f318addc476e526fda8,d22a60188ba884b10626ae52a2902f003cc2535294053979c417c39be68fbda3
openfhe_composition,terminal-products,2,cold,12.667837441,12.698492443,1606895745,804367395,1573801,43.453125,7.481221509,2.540939905,1.003000232,a1353198d33f90461047ef6614fd287e6782698689cc19ef73612325671d5121,d22a60188ba884b10626ae52a2902f003cc2535294053979c417c39be68fbda3
openfhe_composition,terminal-products,2,warm,12.903264393,12.698492443,1606895745,804367395,1573801,43.453125,7.669268232,2.60205722,0.988299301,a1353198d33f90461047ef6614fd287e6782698689cc19ef73612325671d5121,d22a60188ba884b10626ae52a2902f003cc2535294053979c417c39be68fbda3
openfhe_composition,recipient-compute,3,cold,0.815880382,0.819115128,263634,131817,131773,42.17578125,0.003090001,2.0499e-05,0.811711914,66990b0e79914e400026176427f372dd9bfd4676d13a93bf56f53c510aef3be3,d22a60188ba884b10626ae52a2902f003cc2535294053979c417c39be68fbda3
openfhe_composition,recipient-compute,3,warm,0.803220154,0.819115128,263634,131817,131773,42.17578125,0.003128434,1.3987e-05,0.799641677,66990b0e79914e400026176427f372dd9bfd4676d13a93bf56f53c510aef3be3,d22a60188ba884b10626ae52a2902f003cc2535294053979c417c39be68fbda3
openfhe_composition,recipient-compute,4,cold,0.812031239,0.8152248179999999,263634,131817,131773,42.17578125,0.003089621,2.0689e-05,0.807900663,22e336e4fb67e208d2f80d832b8d0c24be59b9198eceb87e0808500efa0a7f4f,d22a60188ba884b10626ae52a2902f003cc2535294053979c417c39be68fbda3
openfhe_composition,recipient-compute,4,warm,0.797869975,0.8152248179999999,263634,131817,131773,42.17578125,0.003480813,1.2614e-05,0.793953856,22e336e4fb67e208d2f80d832b8d0c24be59b9198eceb87e0808500efa0a7f4f,d22a60188ba884b10626ae52a2902f003cc2535294053979c417c39be68fbda3
openfhe_composition,terminal-products,5,cold,12.643305148,12.675447529,1606895745,804367395,1573801,43.36328125,7.458612094,2.534400226,1.008702758,689165bd1370a309d71e60a80b24328a218616232b329d0e7b7e40975b22cb80,d22a60188ba884b10626ae52a2902f003cc2535294053979c417c39be68fbda3
openfhe_composition,terminal-products,5,warm,12.85372242,12.675447529,1606895745,804367395,1573801,43.36328125,7.637644905,2.588511921,0.986835844,689165bd1370a309d71e60a80b24328a218616232b329d0e7b7e40975b22cb80,d22a60188ba884b10626ae52a2902f003cc2535294053979c417c39be68fbda3
openfhe_composition,summed-bsgs,6,cold,15.703188872,15.858879799,1707111384,4202584,42745683,78.83984375,8.044053434,5.973944048,0.008855646,7446ab784d9e17cbcb4f8c0e6a6eca32148db104269b80d8f1987ab1a00dd38e,d22a60188ba884b10626ae52a2902f003cc2535294053979c417c39be68fbda3
openfhe_composition,summed-bsgs,6,warm,15.651758967,15.858879799,1707111384,4202584,42745683,78.83984375,8.020367467,5.953282589,0.008653323,7446ab784d9e17cbcb4f8c0e6a6eca32148db104269b80d8f1987ab1a00dd38e,d22a60188ba884b10626ae52a2902f003cc2535294053979c417c39be68fbda3
openfhe_composition,native,7,cold,4.732057981000025,10.122360230000027,143655584,2097280,586156560,809.94140625,2.5672157619999325,1.924275734000048,0.033915473999968526,3367777c848d09ceeedfac2d93739d7e42355accf819df57703aa563a86a1a78,d22a60188ba884b10626ae52a2902f003cc2535294053979c417c39be68fbda3
openfhe_composition,native,7,warm,4.69026510499998,10.122360230000027,143655584,2097280,586156560,809.94140625,2.5270198550000487,1.9213942380000617,0.03369654800007993,3367777c848d09ceeedfac2d93739d7e42355accf819df57703aa563a86a1a78,d22a60188ba884b10626ae52a2902f003cc2535294053979c417c39be68fbda3
openfhe_composition,summed-bsgs,8,cold,15.871130235,16.02591838,1707111384,4202584,42745683,78.8046875,8.137925635,6.037089144,0.009000792,c282b740a2dde47921be2334a49c5a68dfddffe358e25fd92d0a21a7e198fc93,d22a60188ba884b10626ae52a2902f003cc2535294053979c417c39be68fbda3
openfhe_composition,summed-bsgs,8,warm,15.8621247,16.02591838,1707111384,4202584,42745683,78.8046875,8.133759368,6.030126271,0.008852073,c282b740a2dde47921be2334a49c5a68dfddffe358e25fd92d0a21a7e198fc93,d22a60188ba884b10626ae52a2902f003cc2535294053979c417c39be68fbda3
openfhe_composition,native,9,cold,4.801179185000024,10.239377312000101,143655584,2097280,586156560,810.09375,2.600926313000059,1.959415773000046,0.03422666300002675,61af72f56a308cb18ef6e13d25eb3b3cc54f56150c2989396259f26f7837da6f,d22a60188ba884b10626ae52a2902f003cc2535294053979c417c39be68fbda3
openfhe_composition,native,9,warm,4.733799128000101,10.239377312000101,143655584,2097280,586156560,810.09375,2.5532388320000337,1.935324043000037,0.03410276900001463,61af72f56a308cb18ef6e13d25eb3b3cc54f56150c2989396259f26f7837da6f,d22a60188ba884b10626ae52a2902f003cc2535294053979c417c39be68fbda3
openfhe_composition,recipient-compute,10,cold,0.822807146,0.825916706,263634,131817,131773,44.05859375,0.003108908,1.9687e-05,0.818622909,7f008f7789f5c8ce5aba1afb885c607fb47133d3dc1df0079fe04687b9119d80,d22a60188ba884b10626ae52a2902f003cc2535294053979c417c39be68fbda3
openfhe_composition,recipient-compute,10,warm,0.819032545,0.825916706,263634,131817,131773,44.05859375,0.003481974,1.7704e-05,0.815075719,7f008f7789f5c8ce5aba1afb885c607fb47133d3dc1df0079fe04687b9119d80,d22a60188ba884b10626ae52a2902f003cc2535294053979c417c39be68fbda3
openfhe_composition,terminal-products,11,cold,12.649719308,12.68091931,1606895745,804367395,1573801,44.24609375,7.464756519,2.534690666,1.0038228,6cc74c88f576babf8672e3ccf8fc62d2d700503e828e69e949542de689021620,d22a60188ba884b10626ae52a2902f003cc2535294053979c417c39be68fbda3
openfhe_composition,terminal-products,11,warm,12.884547582,12.68091931,1606895745,804367395,1573801,44.24609375,7.658112834,2.592359912,0.989803127,6cc74c88f576babf8672e3ccf8fc62d2d700503e828e69e949542de689021620,d22a60188ba884b10626ae52a2902f003cc2535294053979c417c39be68fbda3
shared_backend_composition,native,0,cold,1.764132571999994,3.834498454999988,108004000,3145864,311428896,498.64453125,0.9378853420000155,0.6025763410000025,0.02840826399997809,a0a53aceb4dbb330572b909c7db55e8fb3a62024e78498cfb381c827291c7179,d22a60188ba884b10626ae52a2902f003cc2535294053979c417c39be68fbda3
shared_backend_composition,native,0,warm,1.7463539180000112,3.834498454999988,108004000,3145864,311428896,498.64453125,0.922226524999985,0.6011285540000131,0.028391282999990608,a0a53aceb4dbb330572b909c7db55e8fb3a62024e78498cfb381c827291c7179,d22a60188ba884b10626ae52a2902f003cc2535294053979c417c39be68fbda3
shared_backend_composition,control,1,cold,7.848438655000024,7.937754361000032,362822688,137375408,1048704,63.359375,3.686767940999829,0.09125798300004817,1.436814942000069,b3c31aa9f0062fb5804e88c640afb37f25a488bf7de5f4d85def8d5ed30b6afd,d22a60188ba884b10626ae52a2902f003cc2535294053979c417c39be68fbda3
shared_backend_composition,control,1,warm,7.724637803000007,7.937754361000032,362822688,137375408,1048704,63.359375,3.696618864999948,0.09196072000011668,1.4358318039998892,b3c31aa9f0062fb5804e88c640afb37f25a488bf7de5f4d85def8d5ed30b6afd,d22a60188ba884b10626ae52a2902f003cc2535294053979c417c39be68fbda3
shared_backend_composition,control,2,cold,7.695164771000009,7.781928413000003,362822688,137375408,1048704,63.12109375,3.691012556000146,0.0927747569997166,1.4361401019999391,19a632ac3404696aa3f2ab1d756af09fa2fa4dcb520d54a42aa5a85474408ed0,d22a60188ba884b10626ae52a2902f003cc2535294053979c417c39be68fbda3
shared_backend_composition,control,2,warm,7.6955350069999895,7.781928413000003,362822688,137375408,1048704,63.12109375,3.6843320460001507,0.0923697269998911,1.4367921269999329,19a632ac3404696aa3f2ab1d756af09fa2fa4dcb520d54a42aa5a85474408ed0,d22a60188ba884b10626ae52a2902f003cc2535294053979c417c39be68fbda3
shared_backend_composition,native,3,cold,1.7723148979999905,3.778557968000001,108004000,3145864,311428896,499.15625,0.9410387490000005,0.6077277229999822,0.028250708000001623,8f08221e0fdc42ee5278af16c20c087728c1b5cac1d97784841ff42d31fd853f,d22a60188ba884b10626ae52a2902f003cc2535294053979c417c39be68fbda3
shared_backend_composition,native,3,warm,1.7370259760000124,3.778557968000001,108004000,3145864,311428896,499.15625,0.9089649060000227,0.6048022730000184,0.028835557999997263,8f08221e0fdc42ee5278af16c20c087728c1b5cac1d97784841ff42d31fd853f,d22a60188ba884b10626ae52a2902f003cc2535294053979c417c39be68fbda3
shared_backend_composition,native,4,cold,1.7682770269999821,3.7977899959999775,108004000,3145864,311428896,499.53125,0.9455094759999838,0.6017276949999939,0.028231340999980148,c475ca3e9ca80591438c5639831c5bfa59f8b495fc21fdfdb1274142bfe87d8f,d22a60188ba884b10626ae52a2902f003cc2535294053979c417c39be68fbda3
shared_backend_composition,native,4,warm,1.709756920000018,3.7977899959999775,108004000,3145864,311428896,499.53125,0.8997445339999786,0.5894948530000192,0.0283722570000009,c475ca3e9ca80591438c5639831c5bfa59f8b495fc21fdfdb1274142bfe87d8f,d22a60188ba884b10626ae52a2902f003cc2535294053979c417c39be68fbda3
shared_backend_composition,control,5,cold,7.705324393000012,7.79172954500001,362822688,137375408,1048704,63.4609375,3.672287450000397,0.0924815789997524,1.435077725999463,9ece8872c0a3f54a15c566df9599e015be79d3fd21f6a425eeb4e9b6ea37fd1a,d22a60188ba884b10626ae52a2902f003cc2535294053979c417c39be68fbda3
shared_backend_composition,control,5,warm,7.729049088000011,7.79172954500001,362822688,137375408,1048704,63.4609375,3.672276135999766,0.09205890900005897,1.4359298560004277,9ece8872c0a3f54a15c566df9599e015be79d3fd21f6a425eeb4e9b6ea37fd1a,d22a60188ba884b10626ae52a2902f003cc2535294053979c417c39be68fbda3
shared_backend_composition,control,6,cold,7.772317639999983,7.860467044000018,362822688,137375408,1048704,63.4296875,3.6984420059995955,0.0923690549998355,1.4365684610002063,a28e1a84e8e9b16cc40e5852e1d6d5674bb3fbefb63ae136efbf0168f0808d6c,d22a60188ba884b10626ae52a2902f003cc2535294053979c417c39be68fbda3
shared_backend_composition,control,6,warm,7.6959508130000245,7.860467044000018,362822688,137375408,1048704,63.4296875,3.6962592689998246,0.0916154900003221,1.4339855160002344,a28e1a84e8e9b16cc40e5852e1d6d5674bb3fbefb63ae136efbf0168f0808d6c,d22a60188ba884b10626ae52a2902f003cc2535294053979c417c39be68fbda3
shared_backend_composition,native,7,cold,1.780274401999975,3.8098488499999803,108004000,3145864,311428896,499.859375,0.9488724749999733,0.6063023270000372,0.02877543400001059,59bf54d48eff9dc578b4259a0ac55ca62b0ef9bf6f279e6561bc10b4a3a0e59a,d22a60188ba884b10626ae52a2902f003cc2535294053979c417c39be68fbda3
shared_backend_composition,native,7,warm,1.7237411140000063,3.8098488499999803,108004000,3145864,311428896,499.859375,0.9063900210000497,0.5932370040000023,0.028471899000010126,59bf54d48eff9dc578b4259a0ac55ca62b0ef9bf6f279e6561bc10b4a3a0e59a,d22a60188ba884b10626ae52a2902f003cc2535294053979c417c39be68fbda3
